,id,timestamp,seq_number,ignition,ignition_filled,odometer_m,pos,fuel_%,prev_pos,current_lat,current_lon,prev_lat,prev_lon,current_loc,prev_loc,gps_distance,prev_od,od_distance,prev_timestamp,timediff,prev_fill_ignition,new_trip
0,334458,2024-01-01 15:00:00,1,1.0,1,,"(54.555905,-1.228622)",100.0,,54.555905,-1.228622,,,"(54.555905, -1.228622)",,,,,,,,1
1,334458,2024-01-01 15:04:00,1,,1,,"(54.535077,-1.234858)",,"(54.555905,-1.228622)",54.535077,-1.234858,54.555905,-1.228622,"(54.535077, -1.234858)","(54.555905, -1.228622)",2353.3329770550686,,,2024-01-01 15:00:00,240.0,1.0,0
2,334458,2024-01-01 15:07:00,1,,1,,"(54.514249,-1.241094)",,"(54.535077,-1.234858)",54.514249,-1.241094,54.535077,-1.234858,"(54.514249, -1.241094)","(54.535077, -1.234858)",2353.3603150847753,,,2024-01-01 15:04:00,180.0,1.0,0
3,334458,2024-01-01 15:09:00,1,,1,,"(54.493422,-1.24733)",,"(54.514249,-1.241094)",54.493422,-1.24733,54.514249,-1.241094,"(54.493422, -1.24733)","(54.514249, -1.241094)",2353.277996902182,,,2024-01-01 15:07:00,120.0,1.0,0
4,334458,2024-01-01 15:12:00,1,,1,,"(54.472594,-1.253566)",,"(54.493422,-1.24733)",54.472594,-1.253566,54.493422,-1.24733,"(54.472594, -1.253566)","(54.493422, -1.24733)",2353.415009186488,,,2024-01-01 15:09:00,180.0,1.0,0
5,334458,2024-01-01 15:16:00,1,,1,,"(54.451766,-1.259803)",,"(54.472594,-1.253566)",54.451766,-1.259803,54.472594,-1.253566,"(54.451766, -1.259803)","(54.472594, -1.253566)",2353.453509986157,,,2024-01-01 15:12:00,240.0,1.0,0
6,334458,2024-01-01 15:17:00,1,,1,,"(54.430938,-1.266039)",,"(54.451766,-1.259803)",54.430938,-1.266039,54.451766,-1.259803,"(54.430938, -1.266039)","(54.451766, -1.259803)",2353.4697303068615,,,2024-01-01 15:16:00,60.0,1.0,0
7,334458,2024-01-01 15:19:00,1,,1,19.0,"(54.410111,-1.272275)",,"(54.430938,-1.266039)",54.410111,-1.272275,54.430938,-1.266039,"(54.410111, -1.272275)","(54.430938, -1.266039)",2353.387445942719,,,2024-01-01 15:17:00,120.0,1.0,0
8,334458,2024-01-01 15:24:00,1,,1,,"(54.389283,-1.278511)",,"(54.410111,-1.272275)",54.389283,-1.278511,54.410111,-1.272275,"(54.389283, -1.278511)","(54.410111, -1.272275)",2353.52447570306,19.0,,2024-01-01 15:19:00,300.0,1.0,0
9,334458,2024-01-01 15:27:00,1,,1,23.0,"(54.368455,-1.284747)",,"(54.389283,-1.278511)",54.368455,-1.284747,54.389283,-1.278511,"(54.368455, -1.284747)","(54.389283, -1.278511)",2353.5518586170137,,,2024-01-01 15:24:00,180.0,1.0,0
10,334458,2024-01-01 15:32:00,1,,1,,"(54.347627,-1.290983)",,"(54.368455,-1.284747)",54.347627,-1.290983,54.368455,-1.284747,"(54.347627, -1.290983)","(54.368455, -1.284747)",2353.579247880874,23.0,,2024-01-01 15:27:00,300.0,1.0,0
11,334458,2024-01-01 15:37:00,1,,1,,"(54.326799,-1.297219)",,"(54.347627,-1.290983)",54.326799,-1.297219,54.347627,-1.290983,"(54.326799, -1.297219)","(54.347627, -1.290983)",2353.606643488613,,,2024-01-01 15:32:00,300.0,1.0,0
12,334458,2024-01-01 15:42:00,1,,1,,"(54.305972,-1.303455)",,"(54.326799,-1.297219)",54.305972,-1.303455,54.326799,-1.297219,"(54.305972, -1.303455)","(54.326799, -1.297219)",2353.5244010760453,,,2024-01-01 15:37:00,300.0,1.0,0
13,334458,2024-01-01 15:46:00,1,,1,,"(54.285144,-1.309692)",,"(54.305972,-1.303455)",54.285144,-1.309692,54.305972,-1.303455,"(54.285144, -1.309692)","(54.305972, -1.303455)",2353.672685353052,,,2024-01-01 15:42:00,240.0,1.0,0
14,334458,2024-01-01 15:47:00,1,,1,,"(54.264316,-1.315928)",,"(54.285144,-1.309692)",54.264316,-1.315928,54.285144,-1.309692,"(54.264316, -1.315928)","(54.285144, -1.309692)",2353.688866868442,,,2024-01-01 15:46:00,60.0,1.0,0
15,334458,2024-01-01 15:51:00,1,,1,,"(54.243488,-1.322164)",,"(54.264316,-1.315928)",54.243488,-1.322164,54.264316,-1.315928,"(54.243488, -1.322164)","(54.264316, -1.315928)",2353.7162876796806,,,2024-01-01 15:47:00,240.0,1.0,0
16,334458,2024-01-01 15:52:00,1,,1,,"(54.222661,-1.3284)",,"(54.243488,-1.322164)",54.222661,-1.3284,54.243488,-1.322164,"(54.222661, -1.3284)","(54.243488, -1.322164)",2353.6340785674092,,,2024-01-01 15:51:00,60.0,1.0,0
17,334458,2024-01-01 15:56:00,1,,1,,"(54.201833,-1.334636)",,"(54.222661,-1.3284)",54.201833,-1.334636,54.222661,-1.3284,"(54.201833, -1.334636)","(54.222661, -1.3284)",2353.771146759251,,,2024-01-01 15:52:00,240.0,1.0,0
18,334458,2024-01-01 15:59:00,1,,1,,"(54.181005,-1.340872)",,"(54.201833,-1.334636)",54.181005,-1.340872,54.201833,-1.334636,"(54.181005, -1.340872)","(54.201833, -1.334636)",2353.798586317878,,,2024-01-01 15:56:00,180.0,1.0,0
19,334458,2024-01-01 16:02:00,1,,1,,"(54.160177,-1.347108)",,"(54.181005,-1.340872)",54.160177,-1.347108,54.181005,-1.340872,"(54.160177, -1.347108)","(54.181005, -1.340872)",2353.826032096832,,,2024-01-01 15:59:00,180.0,1.0,0
20,334458,2024-01-01 16:03:00,1,,1,49.0,"(54.139349,-1.353344)",,"(54.160177,-1.347108)",54.139349,-1.353344,54.160177,-1.347108,"(54.139349, -1.353344)","(54.160177, -1.347108)",2353.853484079477,,,2024-01-01 16:02:00,60.0,1.0,0
21,334458,2024-01-01 16:04:00,1,,1,,"(54.118522,-1.359581)",,"(54.139349,-1.353344)",54.118522,-1.359581,54.139349,-1.353344,"(54.118522, -1.359581)","(54.139349, -1.353344)",2353.782639549663,49.0,,2024-01-01 16:03:00,60.0,1.0,0
22,334458,2024-01-01 16:07:00,1,,1,,"(54.097694,-1.365817)",,"(54.118522,-1.359581)",54.097694,-1.365817,54.118522,-1.359581,"(54.097694, -1.365817)","(54.118522, -1.359581)",2353.9084052850394,,,2024-01-01 16:04:00,180.0,1.0,0
23,334458,2024-01-01 16:11:00,1,,1,,"(54.076866,-1.372053)",,"(54.097694,-1.365817)",54.076866,-1.372053,54.097694,-1.365817,"(54.076866, -1.372053)","(54.097694, -1.365817)",2353.935875795253,,,2024-01-01 16:07:00,240.0,1.0,0
24,334458,2024-01-01 16:12:00,1,,1,,"(54.056038,-1.378289)",,"(54.076866,-1.372053)",54.056038,-1.378289,54.076866,-1.372053,"(54.056038, -1.378289)","(54.076866, -1.372053)",2353.9633524521696,,,2024-01-01 16:11:00,60.0,1.0,0
25,334458,2024-01-01 16:17:00,1,,1,,"(54.035211,-1.384525)",,"(54.056038,-1.378289)",54.035211,-1.384525,54.056038,-1.378289,"(54.035211, -1.384525)","(54.056038, -1.378289)",2353.8812174337313,,,2024-01-01 16:12:00,300.0,1.0,0
26,334458,2024-01-01 16:18:00,1,,1,,"(54.014383,-1.390761)",,"(54.035211,-1.384525)",54.014383,-1.390761,54.035211,-1.384525,"(54.014383, -1.390761)","(54.035211, -1.384525)",2354.0183228230776,,,2024-01-01 16:17:00,60.0,1.0,0
27,334458,2024-01-01 16:21:00,1,,1,,"(53.993555,-1.396997)",80.0,"(54.014383,-1.390761)",53.993555,-1.396997,54.014383,-1.390761,"(53.993555, -1.396997)","(54.014383, -1.390761)",2354.045817830596,,,2024-01-01 16:18:00,180.0,1.0,0
28,334458,2024-01-01 16:22:00,1,,1,,"(53.972727,-1.403233)",,"(53.993555,-1.396997)",53.972727,-1.403233,53.993555,-1.396997,"(53.972727, -1.403233)","(53.993555, -1.396997)",2354.073318921119,,,2024-01-01 16:21:00,60.0,1.0,0
29,334458,2024-01-01 16:24:00,1,,1,,"(53.951899,-1.409469)",,"(53.972727,-1.403233)",53.951899,-1.409469,53.972727,-1.403233,"(53.951899, -1.409469)","(53.972727, -1.403233)",2354.1008260864996,,,2024-01-01 16:22:00,120.0,1.0,0
30,334458,2024-01-01 16:25:00,1,,1,,"(53.931072,-1.415706)",,"(53.951899,-1.409469)",53.931072,-1.415706,53.951899,-1.409469,"(53.931072, -1.415706)","(53.951899, -1.409469)",2354.030156130254,,,2024-01-01 16:24:00,60.0,1.0,0
31,334458,2024-01-01 16:30:00,1,,1,75.0,"(53.910244,-1.421942)",,"(53.931072,-1.415706)",53.910244,-1.421942,53.931072,-1.415706,"(53.910244, -1.421942)","(53.931072, -1.415706)",2354.15585724944,,,2024-01-01 16:25:00,300.0,1.0,0
32,334458,2024-01-01 16:31:00,1,,1,,"(53.889416,-1.428178)",,"(53.910244,-1.421942)",53.889416,-1.428178,53.910244,-1.421942,"(53.889416, -1.428178)","(53.910244, -1.421942)",2354.183382541774,75.0,,2024-01-01 16:30:00,60.0,1.0,0
33,334458,2024-01-01 16:35:00,1,,1,,"(53.868588,-1.434414)",,"(53.889416,-1.428178)",53.868588,-1.434414,53.889416,-1.428178,"(53.868588, -1.434414)","(53.889416, -1.428178)",2354.2109138431556,,,2024-01-01 16:31:00,240.0,1.0,0
34,334458,2024-01-01 16:37:00,1,,1,,"(53.84776,-1.44065)",,"(53.868588,-1.434414)",53.84776,-1.44065,53.868588,-1.434414,"(53.84776, -1.44065)","(53.868588, -1.434414)",2354.2384511475652,,,2024-01-01 16:35:00,120.0,1.0,0
35,334458,2024-01-01 16:41:00,1,,1,,"(53.826933,-1.446886)",,"(53.84776,-1.44065)",53.826933,-1.446886,53.84776,-1.44065,"(53.826933, -1.446886)","(53.84776, -1.44065)",2354.1563970860734,,,2024-01-01 16:37:00,240.0,1.0,0
36,334458,2024-01-01 16:46:00,1,,1,,"(53.806105,-1.453122)",,"(53.826933,-1.446886)",53.806105,-1.453122,53.826933,-1.446886,"(53.806105, -1.453122)","(53.826933, -1.446886)",2354.2935423615745,,,2024-01-01 16:41:00,300.0,1.0,0
37,334458,2024-01-01 16:51:00,1,,1,,"(53.785277,-1.459358)",,"(53.806105,-1.453122)",53.785277,-1.459358,53.806105,-1.453122,"(53.785277, -1.459358)","(53.806105, -1.453122)",2354.3210975671964,,,2024-01-01 16:46:00,300.0,1.0,0
38,334458,2024-01-01 16:55:00,1,,1,92.0,"(53.764449,-1.465595)",,"(53.785277,-1.459358)",53.764449,-1.465595,53.785277,-1.459358,"(53.764449, -1.465595)","(53.785277, -1.459358)",2354.360172634549,,,2024-01-01 16:51:00,240.0,1.0,0
39,334458,2024-01-01 16:59:00,1,,1,,"(53.743622,-1.471831)",,"(53.764449,-1.465595)",53.743622,-1.471831,53.764449,-1.465595,"(53.743622, -1.471831)","(53.764449, -1.465595)",2354.2666366296535,92.0,,2024-01-01 16:55:00,240.0,1.0,0
40,334458,2024-01-01 17:04:00,1,,1,,"(53.722794,-1.478067)",,"(53.743622,-1.471831)",53.722794,-1.478067,53.743622,-1.471831,"(53.722794, -1.478067)","(53.743622, -1.471831)",2354.403797435487,,,2024-01-01 16:59:00,300.0,1.0,0
41,334458,2024-01-01 17:07:00,1,,1,,"(53.701966,-1.484303)",,"(53.722794,-1.478067)",53.701966,-1.484303,53.722794,-1.478067,"(53.701966, -1.484303)","(53.722794, -1.478067)",2354.4313763062005,,,2024-01-01 17:04:00,180.0,1.0,0
42,334458,2024-01-01 17:12:00,1,,1,,"(53.681138,-1.490539)",,"(53.701966,-1.484303)",53.681138,-1.490539,53.701966,-1.484303,"(53.681138, -1.490539)","(53.701966, -1.484303)",2354.4589610561216,,,2024-01-01 17:07:00,300.0,1.0,0
43,334458,2024-01-01 17:13:00,1,,1,,"(53.66031,-1.496775)",,"(53.681138,-1.490539)",53.66031,-1.496775,53.681138,-1.490539,"(53.66031, -1.496775)","(53.681138, -1.490539)",2354.486551671101,,,2024-01-01 17:12:00,60.0,1.0,0
44,334458,2024-01-01 17:17:00,1,,1,,"(53.639483,-1.503011)",,"(53.66031,-1.496775)",53.639483,-1.503011,53.66031,-1.496775,"(53.639483, -1.503011)","(53.66031, -1.496775)",2354.404569236691,,,2024-01-01 17:13:00,240.0,1.0,0
45,334458,2024-01-01 17:18:00,1,,1,,"(53.618655,-1.509247)",,"(53.639483,-1.503011)",53.618655,-1.509247,53.639483,-1.503011,"(53.618655, -1.509247)","(53.639483, -1.503011)",2354.5417491096327,,,2024-01-01 17:17:00,60.0,1.0,0
46,334458,2024-01-01 17:23:00,1,,1,,"(53.597827,-1.515484)",,"(53.618655,-1.509247)",53.597827,-1.515484,53.618655,-1.509247,"(53.597827, -1.515484)","(53.618655, -1.509247)",2354.58096134159,,,2024-01-01 17:18:00,300.0,1.0,0
47,334458,2024-01-01 17:25:00,1,,1,,"(53.576999,-1.52172)",,"(53.597827,-1.515484)",53.576999,-1.52172,53.597827,-1.515484,"(53.576999, -1.52172)","(53.597827, -1.515484)",2354.5969711513762,,,2024-01-01 17:23:00,120.0,1.0,0
48,334458,2024-01-01 17:30:00,1,,1,,"(53.556172,-1.527956)",,"(53.576999,-1.52172)",53.556172,-1.527956,53.576999,-1.52172,"(53.556172, -1.527956)","(53.576999, -1.52172)",2354.5150201757656,,,2024-01-01 17:25:00,300.0,1.0,0
49,334458,2024-01-01 17:35:00,1,,1,,"(53.535344,-1.534192)",,"(53.556172,-1.527956)",53.535344,-1.534192,53.556172,-1.527956,"(53.535344, -1.534192)","(53.556172, -1.527956)",2354.6522150246024,,,2024-01-01 17:30:00,300.0,1.0,0
50,334458,2024-01-01 17:36:00,1,,1,,"(53.514516,-1.540428)",,"(53.535344,-1.534192)",53.514516,-1.540428,53.535344,-1.534192,"(53.514516, -1.540428)","(53.535344, -1.534192)",2354.679846274878,,,2024-01-01 17:35:00,60.0,1.0,0
51,334458,2024-01-01 17:37:00,1,,1,,"(53.493688,-1.546664)",,"(53.514516,-1.540428)",53.493688,-1.546664,53.514516,-1.540428,"(53.493688, -1.546664)","(53.514516, -1.540428)",2354.7074832689045,,,2024-01-01 17:36:00,60.0,1.0,0
52,334458,2024-01-01 17:39:00,1,,1,,"(53.47286,-1.5529)",,"(53.493688,-1.546664)",53.47286,-1.5529,53.493688,-1.546664,"(53.47286, -1.5529)","(53.493688, -1.546664)",2354.735125994654,,,2024-01-01 17:37:00,120.0,1.0,0
53,334458,2024-01-01 17:41:00,1,,1,,"(53.452033,-1.559136)",,"(53.47286,-1.5529)",53.452033,-1.559136,53.47286,-1.5529,"(53.452033, -1.559136)","(53.47286, -1.5529)",2354.653214012842,,,2024-01-01 17:39:00,120.0,1.0,0
54,334458,2024-01-01 17:43:00,1,,1,,"(53.431205,-1.565372)",,"(53.452033,-1.559136)",53.431205,-1.565372,53.452033,-1.559136,"(53.431205, -1.565372)","(53.452033, -1.559136)",2354.7904272479564,,,2024-01-01 17:41:00,120.0,1.0,0
55,334458,2024-01-01 17:46:00,1,,1,132.0,"(53.410377,-1.571609)",,"(53.431205,-1.565372)",53.410377,-1.571609,53.431205,-1.565372,"(53.410377, -1.571609)","(53.431205, -1.565372)",2354.8297928292086,,,2024-01-01 17:43:00,180.0,1.0,0
56,334458,2024-01-01 17:50:00,1,,1,,"(53.389549,-1.577845)",,"(53.410377,-1.571609)",53.389549,-1.577845,53.410377,-1.571609,"(53.389549, -1.577845)","(53.410377, -1.571609)",2354.845752571948,132.0,,2024-01-01 17:46:00,240.0,1.0,0
57,334458,2024-01-01 17:53:00,1,,1,,"(53.368722,-1.584081)",,"(53.389549,-1.577845)",53.368722,-1.584081,53.389549,-1.577845,"(53.368722, -1.584081)","(53.389549, -1.577845)",2354.763871529943,,,2024-01-01 17:50:00,180.0,1.0,0
58,334458,2024-01-01 17:55:00,1,,1,,"(53.347894,-1.590317)",,"(53.368722,-1.584081)",53.347894,-1.590317,53.368722,-1.584081,"(53.347894, -1.590317)","(53.368722, -1.584081)",2354.9010991944606,,,2024-01-01 17:53:00,120.0,1.0,0
59,334458,2024-01-01 18:00:00,1,,1,,"(53.327066,-1.596553)",60.0,"(53.347894,-1.590317)",53.327066,-1.596553,53.347894,-1.590317,"(53.327066, -1.596553)","(53.347894, -1.590317)",2354.928781615558,,,2024-01-01 17:55:00,300.0,1.0,0
60,334458,2024-01-01 18:04:00,1,,1,,"(53.306238,-1.602789)",,"(53.327066,-1.596553)",53.306238,-1.602789,53.327066,-1.596553,"(53.306238, -1.602789)","(53.327066, -1.596553)",2354.956469648165,,,2024-01-01 18:00:00,240.0,1.0,0
61,334458,2024-01-01 18:05:00,1,,1,,"(53.28541,-1.609025)",,"(53.306238,-1.602789)",53.28541,-1.609025,53.306238,-1.602789,"(53.28541, -1.609025)","(53.306238, -1.602789)",2354.9841632788452,,,2024-01-01 18:04:00,60.0,1.0,0
62,334458,2024-01-01 18:08:00,1,,1,,"(53.264583,-1.615261)",,"(53.28541,-1.609025)",53.264583,-1.615261,53.28541,-1.609025,"(53.264583, -1.615261)","(53.28541, -1.609025)",2354.9023205810836,,,2024-01-01 18:05:00,180.0,1.0,0
63,334458,2024-01-01 18:11:00,1,,1,,"(53.243755,-1.621498)",,"(53.264583,-1.615261)",53.243755,-1.621498,53.264583,-1.615261,"(53.243755, -1.621498)","(53.264583, -1.615261)",2355.051362186473,,,2024-01-01 18:08:00,180.0,1.0,0
64,334458,2024-01-01 18:12:00,1,,1,,"(53.222927,-1.627734)",,"(53.243755,-1.621498)",53.222927,-1.627734,53.243755,-1.621498,"(53.222927, -1.627734)","(53.243755, -1.621498)",2355.067276268712,,,2024-01-01 18:11:00,60.0,1.0,0
65,334458,2024-01-01 18:13:00,1,,1,,"(53.202099,-1.63397)",,"(53.222927,-1.627734)",53.202099,-1.63397,53.222927,-1.627734,"(53.202099, -1.63397)","(53.222927, -1.627734)",2355.0949921372303,,,2024-01-01 18:12:00,60.0,1.0,0
66,334458,2024-01-01 18:16:00,1,,1,,"(53.181272,-1.640206)",,"(53.202099,-1.63397)",53.181272,-1.640206,53.202099,-1.63397,"(53.181272, -1.640206)","(53.202099, -1.63397)",2355.013179852975,,,2024-01-01 18:13:00,180.0,1.0,0
67,334458,2024-01-01 18:19:00,1,,1,,"(53.160444,-1.646442)",,"(53.181272,-1.640206)",53.160444,-1.646442,53.181272,-1.640206,"(53.160444, -1.646442)","(53.181272, -1.640206)",2355.1504390920777,,,2024-01-01 18:16:00,180.0,1.0,0
68,334458,2024-01-01 18:20:00,1,,1,,"(53.139616,-1.652678)",,"(53.160444,-1.646442)",53.139616,-1.652678,53.160444,-1.646442,"(53.139616, -1.652678)","(53.160444, -1.646442)",2355.178171479823,,,2024-01-01 18:19:00,60.0,1.0,0
69,334458,2024-01-01 18:22:00,1,,1,,"(53.118788,-1.658914)",,"(53.139616,-1.652678)",53.118788,-1.658914,53.139616,-1.652678,"(53.118788, -1.658914)","(53.139616, -1.652678)",2355.2059093472276,,,2024-01-01 18:20:00,120.0,1.0,0
70,334458,2024-01-01 18:24:00,1,,1,,"(53.09796,-1.66515)",,"(53.118788,-1.658914)",53.09796,-1.66515,53.118788,-1.658914,"(53.09796, -1.66515)","(53.118788, -1.658914)",2355.233652676258,,,2024-01-01 18:22:00,120.0,1.0,0
71,334458,2024-01-01 18:27:00,1,,1,169.0,"(53.077133,-1.671387)",,"(53.09796,-1.66515)",53.077133,-1.671387,53.09796,-1.66515,"(53.077133, -1.671387)","(53.09796, -1.66515)",2355.1637655107693,,,2024-01-01 18:24:00,180.0,1.0,0
72,334458,2024-01-01 18:30:00,1,,1,,"(53.056305,-1.677623)",,"(53.077133,-1.671387)",53.056305,-1.677623,53.077133,-1.671387,"(53.056305, -1.677623)","(53.077133, -1.671387)",2355.2891543285546,169.0,,2024-01-01 18:27:00,180.0,1.0,0
73,334458,2024-01-01 18:31:00,1,,1,,"(53.035477,-1.683859)",,"(53.056305,-1.677623)",53.035477,-1.683859,53.056305,-1.677623,"(53.035477, -1.683859)","(53.056305, -1.677623)",2355.3169139552074,,,2024-01-01 18:30:00,60.0,1.0,0
74,334458,2024-01-01 18:35:00,1,,1,,"(53.014649,-1.690095)",,"(53.035477,-1.683859)",53.014649,-1.690095,53.035477,-1.683859,"(53.014649, -1.690095)","(53.035477, -1.683859)",2355.3446789844666,,,2024-01-01 18:31:00,240.0,1.0,0
75,334458,2024-01-01 18:36:00,1,,1,,"(52.993821,-1.696331)",,"(53.014649,-1.690095)",52.993821,-1.696331,53.014649,-1.690095,"(52.993821, -1.696331)","(53.014649, -1.690095)",2355.3724494022,,,2024-01-01 18:35:00,60.0,1.0,0
76,334458,2024-01-01 18:40:00,1,,1,,"(52.972994,-1.702567)",,"(52.993821,-1.696331)",52.972994,-1.702567,52.993821,-1.696331,"(52.972994, -1.702567)","(52.993821, -1.696331)",2355.290712135323,,,2024-01-01 18:36:00,240.0,1.0,0
77,334458,2024-01-01 18:45:00,1,,1,,"(52.952166,-1.708803)",,"(52.972994,-1.702567)",52.952166,-1.708803,52.972994,-1.702567,"(52.952166, -1.708803)","(52.972994, -1.702567)",2355.4280050058824,,,2024-01-01 18:40:00,300.0,1.0,0
78,334458,2024-01-01 18:50:00,1,,1,,"(52.931338,-1.715039)",,"(52.952166,-1.708803)",52.931338,-1.715039,52.952166,-1.708803,"(52.931338, -1.715039)","(52.952166, -1.708803)",2355.4557914989578,,,2024-01-01 18:45:00,300.0,1.0,0
79,334458,2024-01-01 18:55:00,1,,1,,"(52.91051,-1.721275)",,"(52.931338,-1.715039)",52.91051,-1.721275,52.931338,-1.715039,"(52.91051, -1.721275)","(52.931338, -1.715039)",2355.483583316191,,,2024-01-01 18:50:00,300.0,1.0,0
80,334458,2024-01-01 18:56:00,1,,1,,"(52.889683,-1.727512)",,"(52.91051,-1.721275)",52.889683,-1.727512,52.91051,-1.721275,"(52.889683, -1.727512)","(52.91051, -1.721275)",2355.4138651985363,,,2024-01-01 18:55:00,60.0,1.0,0
81,334458,2024-01-01 19:00:00,1,,1,,"(52.868855,-1.733748)",,"(52.889683,-1.727512)",52.868855,-1.733748,52.889683,-1.727512,"(52.868855, -1.733748)","(52.889683, -1.727512)",2355.5391815458524,,,2024-01-01 18:56:00,240.0,1.0,0
82,334458,2024-01-01 19:02:00,1,,1,,"(52.848027,-1.739984)",,"(52.868855,-1.733748)",52.848027,-1.739984,52.868855,-1.733748,"(52.848027, -1.739984)","(52.868855, -1.733748)",2355.566989259632,,,2024-01-01 19:00:00,120.0,1.0,0
83,334458,2024-01-01 19:03:00,1,,1,197.0,"(52.827199,-1.74622)",,"(52.848027,-1.739984)",52.827199,-1.74622,52.848027,-1.739984,"(52.827199, -1.74622)","(52.848027, -1.739984)",2355.5948022428106,,,2024-01-01 19:02:00,60.0,1.0,0
84,334458,2024-01-01 19:04:00,1,,1,,"(52.806371,-1.752456)",,"(52.827199,-1.74622)",52.806371,-1.752456,52.827199,-1.74622,"(52.806371, -1.752456)","(52.827199, -1.74622)",2355.6226204773625,197.0,,2024-01-01 19:03:00,60.0,1.0,0
85,334458,2024-01-01 19:05:00,1,,1,,"(52.785544,-1.758692)",40.0,"(52.806371,-1.752456)",52.785544,-1.758692,52.806371,-1.752456,"(52.785544, -1.758692)","(52.806371, -1.752456)",2355.5409494811324,,,2024-01-01 19:04:00,60.0,1.0,0
86,334458,2024-01-01 19:08:00,1,,1,,"(52.764716,-1.764928)",,"(52.785544,-1.758692)",52.764716,-1.764928,52.785544,-1.758692,"(52.764716, -1.764928)","(52.785544, -1.758692)",2355.678271315345,,,2024-01-01 19:05:00,180.0,1.0,0
87,334458,2024-01-01 19:12:00,1,,1,,"(52.743888,-1.771164)",100.0,"(52.764716,-1.764928)",52.743888,-1.771164,52.764716,-1.764928,"(52.743888, -1.771164)","(52.764716, -1.764928)",2355.7061052217464,,,2024-01-01 19:08:00,240.0,1.0,0
88,334458,2024-01-01 19:16:00,1,,1,,"(52.72306,-1.777401)",,"(52.743888,-1.771164)",52.72306,-1.777401,52.743888,-1.771164,"(52.72306, -1.777401)","(52.743888, -1.771164)",2355.746024220827,,,2024-01-01 19:12:00,240.0,1.0,0
89,334458,2024-01-01 19:19:00,1,,1,,"(52.702233,-1.783637)",,"(52.72306,-1.777401)",52.702233,-1.783637,52.72306,-1.777401,"(52.702233, -1.783637)","(52.72306, -1.777401)",2355.652302398059,,,2024-01-01 19:16:00,180.0,1.0,0
90,334458,2024-01-01 19:20:00,1,,1,,"(52.681405,-1.789873)",,"(52.702233,-1.783637)",52.681405,-1.789873,52.702233,-1.783637,"(52.681405, -1.789873)","(52.702233, -1.783637)",2355.7896367076287,,,2024-01-01 19:19:00,60.0,1.0,0
91,334458,2024-01-01 19:23:00,1,,1,,"(52.660577,-1.796109)",,"(52.681405,-1.789873)",52.660577,-1.796109,52.681405,-1.789873,"(52.660577, -1.796109)","(52.681405, -1.789873)",2355.817491297036,,,2024-01-01 19:20:00,180.0,1.0,0
92,334458,2024-01-01 19:27:00,1,,1,,"(52.639749,-1.802345)",,"(52.660577,-1.796109)",52.639749,-1.802345,52.660577,-1.796109,"(52.639749, -1.802345)","(52.660577, -1.796109)",2355.845351024081,,,2024-01-01 19:23:00,240.0,1.0,0
93,334458,2024-01-01 19:30:00,1,,1,,"(52.618921,-1.808581)",,"(52.639749,-1.802345)",52.618921,-1.808581,52.639749,-1.802345,"(52.618921, -1.808581)","(52.639749, -1.802345)",2355.873215867909,,,2024-01-01 19:27:00,180.0,1.0,0
94,334458,2024-01-01 19:34:00,1,,1,,"(52.598094,-1.814817)",,"(52.618921,-1.808581)",52.598094,-1.814817,52.618921,-1.808581,"(52.598094, -1.814817)","(52.618921, -1.808581)",2355.791609956329,,,2024-01-01 19:30:00,240.0,1.0,0
95,334458,2024-01-01 19:37:00,1,,1,,"(52.577266,-1.821053)",,"(52.598094,-1.814817)",52.577266,-1.821053,52.598094,-1.814817,"(52.577266, -1.821053)","(52.598094, -1.814817)",2355.9289595135365,,,2024-01-01 19:34:00,180.0,1.0,0
96,334458,2024-01-01 19:40:00,1,,1,,"(52.556438,-1.82729)",,"(52.577266,-1.821053)",52.556438,-1.82729,52.577266,-1.821053,"(52.556438, -1.82729)","(52.577266, -1.821053)",2355.969010556854,,,2024-01-01 19:37:00,180.0,1.0,0
97,334458,2024-01-01 19:42:00,1,,1,,"(52.53561,-1.833526)",,"(52.556438,-1.82729)",52.53561,-1.833526,52.556438,-1.82729,"(52.53561, -1.833526)","(52.556438, -1.82729)",2355.984724793801,,,2024-01-01 19:40:00,120.0,1.0,0
98,334458,2024-01-01 19:45:00,1,,1,,"(52.514783,-1.839762)",,"(52.53561,-1.833526)",52.514783,-1.839762,52.53561,-1.833526,"(52.514783, -1.839762)","(52.53561, -1.833526)",2355.9031474304484,,,2024-01-01 19:42:00,180.0,1.0,0
99,334458,2024-01-01 19:50:00,1,,1,235.0,"(52.493955,-1.845998)",,"(52.514783,-1.839762)",52.493955,-1.845998,52.514783,-1.839762,"(52.493955, -1.845998)","(52.514783, -1.839762)",2356.0405089119595,,,2024-01-01 19:45:00,300.0,1.0,0
100,334458,2024-01-01 19:53:00,1,1.0,1,,"(52.473127,-1.852234)",80.0,"(52.493955,-1.845998)",52.473127,-1.852234,52.493955,-1.845998,"(52.473127, -1.852234)","(52.493955, -1.845998)",2356.068409167572,235.0,,2024-01-01 19:50:00,180.0,1.0,0
101,334458,2024-01-01 19:53:00,2,0.0,0,,"(52.473127,-1.852234)",80.0,"(52.473127,-1.852234)",52.473127,-1.852234,52.473127,-1.852234,"(52.473127, -1.852234)","(52.473127, -1.852234)",0.0,,,2024-01-01 19:53:00,0.0,1.0,0
102,334458,2024-01-02 08:00:00,1,1.0,1,235.0,"(52.473127,-1.852234)",80.0,"(52.473127,-1.852234)",52.473127,-1.852234,52.473127,-1.852234,"(52.473127, -1.852234)","(52.473127, -1.852234)",0.0,,,2024-01-01 19:53:00,43620.0,0.0,1
103,334458,2024-01-02 08:01:00,1,,1,,"(52.493955,-1.845998)",,"(52.473127,-1.852234)",52.493955,-1.845998,52.473127,-1.852234,"(52.493955, -1.845998)","(52.473127, -1.852234)",2356.068409167572,235.0,,2024-01-02 08:00:00,60.0,1.0,0
104,334458,2024-01-02 08:03:00,1,,1,,"(52.514783,-1.839762)",,"(52.493955,-1.845998)",52.514783,-1.839762,52.493955,-1.845998,"(52.514783, -1.839762)","(52.493955, -1.845998)",2356.0405089119595,,,2024-01-02 08:01:00,120.0,1.0,0
105,334458,2024-01-02 08:04:00,1,,1,,"(52.53561,-1.833526)",,"(52.514783,-1.839762)",52.53561,-1.833526,52.514783,-1.839762,"(52.53561, -1.833526)","(52.514783, -1.839762)",2355.9031474304484,,,2024-01-02 08:03:00,60.0,1.0,0
106,334458,2024-01-02 08:05:00,1,,1,,"(52.556438,-1.82729)",,"(52.53561,-1.833526)",52.556438,-1.82729,52.53561,-1.833526,"(52.556438, -1.82729)","(52.53561, -1.833526)",2355.984724793801,,,2024-01-02 08:04:00,60.0,1.0,0
107,334458,2024-01-02 08:07:00,1,,1,,"(52.577266,-1.821053)",,"(52.556438,-1.82729)",52.577266,-1.821053,52.556438,-1.82729,"(52.577266, -1.821053)","(52.556438, -1.82729)",2355.969010556854,,,2024-01-02 08:05:00,120.0,1.0,0
108,334458,2024-01-02 08:09:00,1,,1,,"(52.598094,-1.814817)",,"(52.577266,-1.821053)",52.598094,-1.814817,52.577266,-1.821053,"(52.598094, -1.814817)","(52.577266, -1.821053)",2355.9289595135365,,,2024-01-02 08:07:00,120.0,1.0,0
109,334458,2024-01-02 08:11:00,1,,1,,"(52.618921,-1.808581)",,"(52.598094,-1.814817)",52.618921,-1.808581,52.598094,-1.814817,"(52.618921, -1.808581)","(52.598094, -1.814817)",2355.791609956329,,,2024-01-02 08:09:00,120.0,1.0,0
110,334458,2024-01-02 08:12:00,1,,1,,"(52.639749,-1.802345)",,"(52.618921,-1.808581)",52.639749,-1.802345,52.618921,-1.808581,"(52.639749, -1.802345)","(52.618921, -1.808581)",2355.873215867909,,,2024-01-02 08:11:00,60.0,1.0,0
111,334458,2024-01-02 08:13:00,1,,1,,"(52.660577,-1.796109)",,"(52.639749,-1.802345)",52.660577,-1.796109,52.639749,-1.802345,"(52.660577, -1.796109)","(52.639749, -1.802345)",2355.845351024081,,,2024-01-02 08:12:00,60.0,1.0,0
112,334458,2024-01-02 08:14:00,1,,1,,"(52.681405,-1.789873)",,"(52.660577,-1.796109)",52.681405,-1.789873,52.660577,-1.796109,"(52.681405, -1.789873)","(52.660577, -1.796109)",2355.817491297036,,,2024-01-02 08:13:00,60.0,1.0,0
113,334458,2024-01-02 08:15:00,1,,1,,"(52.702233,-1.783637)",,"(52.681405,-1.789873)",52.702233,-1.783637,52.681405,-1.789873,"(52.702233, -1.783637)","(52.681405, -1.789873)",2355.7896367076287,,,2024-01-02 08:14:00,60.0,1.0,0
114,334458,2024-01-02 08:17:00,1,,1,,"(52.72306,-1.777401)",,"(52.702233,-1.783637)",52.72306,-1.777401,52.702233,-1.783637,"(52.72306, -1.777401)","(52.702233, -1.783637)",2355.652302398059,,,2024-01-02 08:15:00,120.0,1.0,0
115,334458,2024-01-02 08:19:00,1,,1,,"(52.743888,-1.771164)",,"(52.72306,-1.777401)",52.743888,-1.771164,52.72306,-1.777401,"(52.743888, -1.771164)","(52.72306, -1.777401)",2355.746024220827,,,2024-01-02 08:17:00,120.0,1.0,0
116,334458,2024-01-02 08:21:00,1,,1,278.0,"(52.764716,-1.764928)",,"(52.743888,-1.771164)",52.764716,-1.764928,52.743888,-1.771164,"(52.764716, -1.764928)","(52.743888, -1.771164)",2355.7061052217464,,,2024-01-02 08:19:00,120.0,1.0,0
117,334458,2024-01-02 08:22:00,1,,1,,"(52.785544,-1.758692)",,"(52.764716,-1.764928)",52.785544,-1.758692,52.764716,-1.764928,"(52.785544, -1.758692)","(52.764716, -1.764928)",2355.678271315345,278.0,,2024-01-02 08:21:00,60.0,1.0,0
118,334458,2024-01-02 08:23:00,1,,1,,"(52.806371,-1.752456)",,"(52.785544,-1.758692)",52.806371,-1.752456,52.785544,-1.758692,"(52.806371, -1.752456)","(52.785544, -1.758692)",2355.5409494811324,,,2024-01-02 08:22:00,60.0,1.0,0
119,334458,2024-01-02 08:24:00,1,,1,,"(52.827199,-1.74622)",,"(52.806371,-1.752456)",52.827199,-1.74622,52.806371,-1.752456,"(52.827199, -1.74622)","(52.806371, -1.752456)",2355.6226204773625,,,2024-01-02 08:23:00,60.0,1.0,0
120,334458,2024-01-02 08:25:00,1,,1,,"(52.848027,-1.739984)",,"(52.827199,-1.74622)",52.848027,-1.739984,52.827199,-1.74622,"(52.848027, -1.739984)","(52.827199, -1.74622)",2355.5948022428106,,,2024-01-02 08:24:00,60.0,1.0,0
121,334458,2024-01-02 08:26:00,1,,1,,"(52.868855,-1.733748)",,"(52.848027,-1.739984)",52.868855,-1.733748,52.848027,-1.739984,"(52.868855, -1.733748)","(52.848027, -1.739984)",2355.566989259632,,,2024-01-02 08:25:00,60.0,1.0,0
122,334458,2024-01-02 08:27:00,1,,1,,"(52.889683,-1.727512)",,"(52.868855,-1.733748)",52.889683,-1.727512,52.868855,-1.733748,"(52.889683, -1.727512)","(52.868855, -1.733748)",2355.5391815458524,,,2024-01-02 08:26:00,60.0,1.0,0
123,334458,2024-01-02 08:28:00,1,,1,,"(52.91051,-1.721275)",,"(52.889683,-1.727512)",52.91051,-1.721275,52.889683,-1.727512,"(52.91051, -1.721275)","(52.889683, -1.727512)",2355.4138651985363,,,2024-01-02 08:27:00,60.0,1.0,0
124,334458,2024-01-02 08:29:00,1,,1,,"(52.931338,-1.715039)",,"(52.91051,-1.721275)",52.931338,-1.715039,52.91051,-1.721275,"(52.931338, -1.715039)","(52.91051, -1.721275)",2355.483583316191,,,2024-01-02 08:28:00,60.0,1.0,0
125,334458,2024-01-02 08:31:00,1,,1,,"(52.952166,-1.708803)",60.0,"(52.931338,-1.715039)",52.952166,-1.708803,52.931338,-1.715039,"(52.952166, -1.708803)","(52.931338, -1.715039)",2355.4557914989578,,,2024-01-02 08:29:00,120.0,1.0,0
126,334458,2024-01-02 08:32:00,1,,1,,"(52.972994,-1.702567)",,"(52.952166,-1.708803)",52.972994,-1.702567,52.952166,-1.708803,"(52.972994, -1.702567)","(52.952166, -1.708803)",2355.4280050058824,,,2024-01-02 08:31:00,60.0,1.0,0
127,334458,2024-01-02 08:34:00,1,,1,,"(52.993821,-1.696331)",,"(52.972994,-1.702567)",52.993821,-1.696331,52.972994,-1.702567,"(52.993821, -1.696331)","(52.972994, -1.702567)",2355.290712135323,,,2024-01-02 08:32:00,120.0,1.0,0
128,334458,2024-01-02 08:36:00,1,,1,,"(53.014649,-1.690095)",,"(52.993821,-1.696331)",53.014649,-1.690095,52.993821,-1.696331,"(53.014649, -1.690095)","(52.993821, -1.696331)",2355.3724494022,,,2024-01-02 08:34:00,120.0,1.0,0
129,334458,2024-01-02 08:37:00,1,,1,,"(53.035477,-1.683859)",,"(53.014649,-1.690095)",53.035477,-1.683859,53.014649,-1.690095,"(53.035477, -1.683859)","(53.014649, -1.690095)",2355.3446789844666,,,2024-01-02 08:36:00,60.0,1.0,0
130,334458,2024-01-02 08:38:00,1,,1,,"(53.056305,-1.677623)",,"(53.035477,-1.683859)",53.056305,-1.677623,53.035477,-1.683859,"(53.056305, -1.677623)","(53.035477, -1.683859)",2355.3169139552074,,,2024-01-02 08:37:00,60.0,1.0,0
131,334458,2024-01-02 08:39:00,1,,1,,"(53.077133,-1.671387)",,"(53.056305,-1.677623)",53.077133,-1.671387,53.056305,-1.677623,"(53.077133, -1.671387)","(53.056305, -1.677623)",2355.2891543285546,,,2024-01-02 08:38:00,60.0,1.0,0
132,334458,2024-01-02 08:41:00,1,,1,,"(53.09796,-1.66515)",,"(53.077133,-1.671387)",53.09796,-1.66515,53.077133,-1.671387,"(53.09796, -1.66515)","(53.077133, -1.671387)",2355.1637655107693,,,2024-01-02 08:39:00,120.0,1.0,0
133,334458,2024-01-02 08:43:00,1,,1,,"(53.118788,-1.658914)",,"(53.09796,-1.66515)",53.118788,-1.658914,53.09796,-1.66515,"(53.118788, -1.658914)","(53.09796, -1.66515)",2355.233652676258,,,2024-01-02 08:41:00,120.0,1.0,0
134,334458,2024-01-02 08:45:00,1,,1,,"(53.139616,-1.652678)",,"(53.118788,-1.658914)",53.139616,-1.652678,53.118788,-1.658914,"(53.139616, -1.652678)","(53.118788, -1.658914)",2355.2059093472276,,,2024-01-02 08:43:00,120.0,1.0,0
135,334458,2024-01-02 08:47:00,1,,1,312.0,"(53.160444,-1.646442)",,"(53.139616,-1.652678)",53.160444,-1.646442,53.139616,-1.652678,"(53.160444, -1.646442)","(53.139616, -1.652678)",2355.178171479823,,,2024-01-02 08:45:00,120.0,1.0,0
136,334458,2024-01-02 08:49:00,1,,1,,"(53.181272,-1.640206)",,"(53.160444,-1.646442)",53.181272,-1.640206,53.160444,-1.646442,"(53.181272, -1.640206)","(53.160444, -1.646442)",2355.1504390920777,312.0,,2024-01-02 08:47:00,120.0,1.0,0
137,334458,2024-01-02 08:51:00,1,,1,,"(53.202099,-1.63397)",,"(53.181272,-1.640206)",53.202099,-1.63397,53.181272,-1.640206,"(53.202099, -1.63397)","(53.181272, -1.640206)",2355.013179852975,,,2024-01-02 08:49:00,120.0,1.0,0
138,334458,2024-01-02 08:52:00,1,,1,,"(53.222927,-1.627734)",,"(53.202099,-1.63397)",53.222927,-1.627734,53.202099,-1.63397,"(53.222927, -1.627734)","(53.202099, -1.63397)",2355.0949921372303,,,2024-01-02 08:51:00,60.0,1.0,0
139,334458,2024-01-02 08:53:00,1,,1,,"(53.243755,-1.621498)",,"(53.222927,-1.627734)",53.243755,-1.621498,53.222927,-1.627734,"(53.243755, -1.621498)","(53.222927, -1.627734)",2355.067276268712,,,2024-01-02 08:52:00,60.0,1.0,0
140,334458,2024-01-02 08:55:00,1,,1,,"(53.264583,-1.615261)",,"(53.243755,-1.621498)",53.264583,-1.615261,53.243755,-1.621498,"(53.264583, -1.615261)","(53.243755, -1.621498)",2355.051362186473,,,2024-01-02 08:53:00,120.0,1.0,0
141,334458,2024-01-02 08:57:00,1,,1,,"(53.28541,-1.609025)",,"(53.264583,-1.615261)",53.28541,-1.609025,53.264583,-1.615261,"(53.28541, -1.609025)","(53.264583, -1.615261)",2354.9023205810836,,,2024-01-02 08:55:00,120.0,1.0,0
142,334458,2024-01-02 08:58:00,1,,1,,"(53.306238,-1.602789)",,"(53.28541,-1.609025)",53.306238,-1.602789,53.28541,-1.609025,"(53.306238, -1.602789)","(53.28541, -1.609025)",2354.9841632788452,,,2024-01-02 08:57:00,60.0,1.0,0
143,334458,2024-01-02 09:00:00,1,,1,,"(53.327066,-1.596553)",,"(53.306238,-1.602789)",53.327066,-1.596553,53.306238,-1.602789,"(53.327066, -1.596553)","(53.306238, -1.602789)",2354.956469648165,,,2024-01-02 08:58:00,120.0,1.0,0
144,334458,2024-01-02 09:02:00,1,,1,,"(53.347894,-1.590317)",,"(53.327066,-1.596553)",53.347894,-1.590317,53.327066,-1.596553,"(53.347894, -1.590317)","(53.327066, -1.596553)",2354.928781615558,,,2024-01-02 09:00:00,120.0,1.0,0
145,334458,2024-01-02 09:03:00,1,,1,,"(53.368722,-1.584081)",,"(53.347894,-1.590317)",53.368722,-1.584081,53.347894,-1.590317,"(53.368722, -1.584081)","(53.347894, -1.590317)",2354.9010991944606,,,2024-01-02 09:02:00,60.0,1.0,0
146,334458,2024-01-02 09:05:00,1,,1,,"(53.389549,-1.577845)",,"(53.368722,-1.584081)",53.389549,-1.577845,53.368722,-1.584081,"(53.389549, -1.577845)","(53.368722, -1.584081)",2354.763871529943,,,2024-01-02 09:03:00,120.0,1.0,0
147,334458,2024-01-02 09:06:00,1,,1,,"(53.410377,-1.571609)",,"(53.389549,-1.577845)",53.410377,-1.571609,53.389549,-1.577845,"(53.410377, -1.571609)","(53.389549, -1.577845)",2354.845752571948,,,2024-01-02 09:05:00,60.0,1.0,0
148,334458,2024-01-02 09:07:00,1,,1,,"(53.431205,-1.565372)",,"(53.410377,-1.571609)",53.431205,-1.565372,53.410377,-1.571609,"(53.431205, -1.565372)","(53.410377, -1.571609)",2354.8297928292086,,,2024-01-02 09:06:00,60.0,1.0,0
149,334458,2024-01-02 09:09:00,1,,1,,"(53.452033,-1.559136)",,"(53.431205,-1.565372)",53.452033,-1.559136,53.431205,-1.565372,"(53.452033, -1.559136)","(53.431205, -1.565372)",2354.7904272479564,,,2024-01-02 09:07:00,120.0,1.0,0
150,334458,2024-01-02 09:11:00,1,,1,,"(53.47286,-1.5529)",,"(53.452033,-1.559136)",53.47286,-1.5529,53.452033,-1.559136,"(53.47286, -1.5529)","(53.452033, -1.559136)",2354.653214012842,,,2024-01-02 09:09:00,120.0,1.0,0
151,334458,2024-01-02 09:12:00,1,,1,,"(53.493688,-1.546664)",,"(53.47286,-1.5529)",53.493688,-1.546664,53.47286,-1.5529,"(53.493688, -1.546664)","(53.47286, -1.5529)",2354.735125994654,,,2024-01-02 09:11:00,60.0,1.0,0
152,334458,2024-01-02 09:14:00,1,,1,,"(53.514516,-1.540428)",,"(53.493688,-1.546664)",53.514516,-1.540428,53.493688,-1.546664,"(53.514516, -1.540428)","(53.493688, -1.546664)",2354.7074832689045,,,2024-01-02 09:12:00,120.0,1.0,0
153,334458,2024-01-02 09:16:00,1,,1,,"(53.535344,-1.534192)",,"(53.514516,-1.540428)",53.535344,-1.534192,53.514516,-1.540428,"(53.535344, -1.534192)","(53.514516, -1.540428)",2354.679846274878,,,2024-01-02 09:14:00,120.0,1.0,0
154,334458,2024-01-02 09:18:00,1,,1,,"(53.556172,-1.527956)",,"(53.535344,-1.534192)",53.556172,-1.527956,53.535344,-1.534192,"(53.556172, -1.527956)","(53.535344, -1.534192)",2354.6522150246024,,,2024-01-02 09:16:00,120.0,1.0,0
155,334458,2024-01-02 09:19:00,1,,1,360.0,"(53.576999,-1.52172)",,"(53.556172,-1.527956)",53.576999,-1.52172,53.556172,-1.527956,"(53.576999, -1.52172)","(53.556172, -1.527956)",2354.5150201757656,,,2024-01-02 09:18:00,60.0,1.0,0
156,334458,2024-01-02 09:21:00,1,,1,,"(53.597827,-1.515484)",,"(53.576999,-1.52172)",53.597827,-1.515484,53.576999,-1.52172,"(53.597827, -1.515484)","(53.576999, -1.52172)",2354.5969711513762,360.0,,2024-01-02 09:19:00,120.0,1.0,0
157,334458,2024-01-02 09:22:00,1,,1,,"(53.618655,-1.509247)",,"(53.597827,-1.515484)",53.618655,-1.509247,53.597827,-1.515484,"(53.618655, -1.509247)","(53.597827, -1.515484)",2354.58096134159,,,2024-01-02 09:21:00,60.0,1.0,0
158,334458,2024-01-02 09:23:00,1,,1,,"(53.639483,-1.503011)",,"(53.618655,-1.509247)",53.639483,-1.503011,53.618655,-1.509247,"(53.639483, -1.503011)","(53.618655, -1.509247)",2354.5417491096327,,,2024-01-02 09:22:00,60.0,1.0,0
159,334458,2024-01-02 09:24:00,1,,1,,"(53.66031,-1.496775)",,"(53.639483,-1.503011)",53.66031,-1.496775,53.639483,-1.503011,"(53.66031, -1.496775)","(53.639483, -1.503011)",2354.404569236691,,,2024-01-02 09:23:00,60.0,1.0,0
160,334458,2024-01-02 09:25:00,1,,1,,"(53.681138,-1.490539)",,"(53.66031,-1.496775)",53.681138,-1.490539,53.66031,-1.496775,"(53.681138, -1.490539)","(53.66031, -1.496775)",2354.486551671101,,,2024-01-02 09:24:00,60.0,1.0,0
161,334458,2024-01-02 09:26:00,1,,1,,"(53.701966,-1.484303)",,"(53.681138,-1.490539)",53.701966,-1.484303,53.681138,-1.490539,"(53.701966, -1.484303)","(53.681138, -1.490539)",2354.4589610561216,,,2024-01-02 09:25:00,60.0,1.0,0
162,334458,2024-01-02 09:28:00,1,,1,,"(53.722794,-1.478067)",40.0,"(53.701966,-1.484303)",53.722794,-1.478067,53.701966,-1.484303,"(53.722794, -1.478067)","(53.701966, -1.484303)",2354.4313763062005,,,2024-01-02 09:26:00,120.0,1.0,0
163,334458,2024-01-02 09:29:00,1,,1,,"(53.743622,-1.471831)",,"(53.722794,-1.478067)",53.743622,-1.471831,53.722794,-1.478067,"(53.743622, -1.471831)","(53.722794, -1.478067)",2354.403797435487,,,2024-01-02 09:28:00,60.0,1.0,0
164,334458,2024-01-02 09:30:00,1,,1,,"(53.764449,-1.465595)",,"(53.743622,-1.471831)",53.764449,-1.465595,53.743622,-1.471831,"(53.764449, -1.465595)","(53.743622, -1.471831)",2354.2666366296535,,,2024-01-02 09:29:00,60.0,1.0,0
165,334458,2024-01-02 09:31:00,1,,1,,"(53.785277,-1.459358)",,"(53.764449,-1.465595)",53.785277,-1.459358,53.764449,-1.465595,"(53.785277, -1.459358)","(53.764449, -1.465595)",2354.360172634549,,,2024-01-02 09:30:00,60.0,1.0,0
166,334458,2024-01-02 09:32:00,1,,1,,"(53.806105,-1.453122)",,"(53.785277,-1.459358)",53.806105,-1.453122,53.785277,-1.459358,"(53.806105, -1.453122)","(53.785277, -1.459358)",2354.3210975671964,,,2024-01-02 09:31:00,60.0,1.0,0
167,334458,2024-01-02 09:33:00,1,,1,,"(53.826933,-1.446886)",,"(53.806105,-1.453122)",53.826933,-1.446886,53.806105,-1.453122,"(53.826933, -1.446886)","(53.806105, -1.453122)",2354.2935423615745,,,2024-01-02 09:32:00,60.0,1.0,0
168,334458,2024-01-02 09:35:00,1,,1,,"(53.84776,-1.44065)",,"(53.826933,-1.446886)",53.84776,-1.44065,53.826933,-1.446886,"(53.84776, -1.44065)","(53.826933, -1.446886)",2354.1563970860734,,,2024-01-02 09:33:00,120.0,1.0,0
169,334458,2024-01-02 09:36:00,1,,1,,"(53.868588,-1.434414)",,"(53.84776,-1.44065)",53.868588,-1.434414,53.84776,-1.44065,"(53.868588, -1.434414)","(53.84776, -1.44065)",2354.2384511475652,,,2024-01-02 09:35:00,60.0,1.0,0
170,334458,2024-01-02 09:38:00,1,,1,,"(53.889416,-1.428178)",,"(53.868588,-1.434414)",53.889416,-1.428178,53.868588,-1.434414,"(53.889416, -1.428178)","(53.868588, -1.434414)",2354.2109138431556,,,2024-01-02 09:36:00,120.0,1.0,0
171,334458,2024-01-02 09:39:00,1,,1,,"(53.910244,-1.421942)",,"(53.889416,-1.428178)",53.910244,-1.421942,53.889416,-1.428178,"(53.910244, -1.421942)","(53.889416, -1.428178)",2354.183382541774,,,2024-01-02 09:38:00,60.0,1.0,0
172,334458,2024-01-02 09:41:00,1,,1,,"(53.931072,-1.415706)",,"(53.910244,-1.421942)",53.931072,-1.415706,53.910244,-1.421942,"(53.931072, -1.415706)","(53.910244, -1.421942)",2354.15585724944,,,2024-01-02 09:39:00,120.0,1.0,0
173,334458,2024-01-02 09:43:00,1,,1,,"(53.951899,-1.409469)",,"(53.931072,-1.415706)",53.951899,-1.409469,53.931072,-1.415706,"(53.951899, -1.409469)","(53.931072, -1.415706)",2354.030156130254,,,2024-01-02 09:41:00,120.0,1.0,0
174,334458,2024-01-02 09:45:00,1,,1,,"(53.972727,-1.403233)",,"(53.951899,-1.409469)",53.972727,-1.403233,53.951899,-1.409469,"(53.972727, -1.403233)","(53.951899, -1.409469)",2354.1008260864996,,,2024-01-02 09:43:00,120.0,1.0,0
175,334458,2024-01-02 09:46:00,1,,1,406.0,"(53.993555,-1.396997)",,"(53.972727,-1.403233)",53.993555,-1.396997,53.972727,-1.403233,"(53.993555, -1.396997)","(53.972727, -1.403233)",2354.073318921119,,,2024-01-02 09:45:00,60.0,1.0,0
176,334458,2024-01-02 09:48:00,1,,1,,"(54.014383,-1.390761)",,"(53.993555,-1.396997)",54.014383,-1.390761,53.993555,-1.396997,"(54.014383, -1.390761)","(53.993555, -1.396997)",2354.045817830596,406.0,,2024-01-02 09:46:00,120.0,1.0,0
177,334458,2024-01-02 09:50:00,1,,1,,"(54.035211,-1.384525)",,"(54.014383,-1.390761)",54.035211,-1.384525,54.014383,-1.390761,"(54.035211, -1.384525)","(54.014383, -1.390761)",2354.0183228230776,,,2024-01-02 09:48:00,120.0,1.0,0
178,334458,2024-01-02 09:51:00,1,,1,,"(54.056038,-1.378289)",,"(54.035211,-1.384525)",54.056038,-1.378289,54.035211,-1.384525,"(54.056038, -1.378289)","(54.035211, -1.384525)",2353.8812174337313,,,2024-01-02 09:50:00,60.0,1.0,0
179,334458,2024-01-02 09:53:00,1,,1,,"(54.076866,-1.372053)",,"(54.056038,-1.378289)",54.076866,-1.372053,54.056038,-1.378289,"(54.076866, -1.372053)","(54.056038, -1.378289)",2353.9633524521696,,,2024-01-02 09:51:00,120.0,1.0,0
180,334458,2024-01-02 09:54:00,1,,1,,"(54.097694,-1.365817)",,"(54.076866,-1.372053)",54.097694,-1.365817,54.076866,-1.372053,"(54.097694, -1.365817)","(54.076866, -1.372053)",2353.935875795253,,,2024-01-02 09:53:00,60.0,1.0,0
181,334458,2024-01-02 09:55:00,1,,1,,"(54.118522,-1.359581)",,"(54.097694,-1.365817)",54.118522,-1.359581,54.097694,-1.365817,"(54.118522, -1.359581)","(54.097694, -1.365817)",2353.9084052850394,,,2024-01-02 09:54:00,60.0,1.0,0
182,334458,2024-01-02 09:56:00,1,,1,,"(54.139349,-1.353344)",,"(54.118522,-1.359581)",54.139349,-1.353344,54.118522,-1.359581,"(54.139349, -1.353344)","(54.118522, -1.359581)",2353.782639549663,,,2024-01-02 09:55:00,60.0,1.0,0
183,334458,2024-01-02 09:58:00,1,,1,,"(54.160177,-1.347108)",,"(54.139349,-1.353344)",54.160177,-1.347108,54.139349,-1.353344,"(54.160177, -1.347108)","(54.139349, -1.353344)",2353.853484079477,,,2024-01-02 09:56:00,120.0,1.0,0
184,334458,2024-01-02 09:59:00,1,,1,,"(54.181005,-1.340872)",,"(54.160177,-1.347108)",54.181005,-1.340872,54.160177,-1.347108,"(54.181005, -1.340872)","(54.160177, -1.347108)",2353.826032096832,,,2024-01-02 09:58:00,60.0,1.0,0
185,334458,2024-01-02 10:00:00,1,,1,,"(54.201833,-1.334636)",,"(54.181005,-1.340872)",54.201833,-1.334636,54.181005,-1.340872,"(54.201833, -1.334636)","(54.181005, -1.340872)",2353.798586317878,,,2024-01-02 09:59:00,60.0,1.0,0
186,334458,2024-01-02 10:02:00,1,,1,,"(54.222661,-1.3284)",,"(54.201833,-1.334636)",54.222661,-1.3284,54.201833,-1.334636,"(54.222661, -1.3284)","(54.201833, -1.334636)",2353.771146759251,,,2024-01-02 10:00:00,120.0,1.0,0
187,334458,2024-01-02 10:04:00,1,,1,,"(54.243488,-1.322164)",,"(54.222661,-1.3284)",54.243488,-1.322164,54.222661,-1.3284,"(54.243488, -1.322164)","(54.222661, -1.3284)",2353.6340785674092,,,2024-01-02 10:02:00,120.0,1.0,0
188,334458,2024-01-02 10:06:00,1,,1,,"(54.264316,-1.315928)",,"(54.243488,-1.322164)",54.264316,-1.315928,54.243488,-1.322164,"(54.264316, -1.315928)","(54.243488, -1.322164)",2353.7162876796806,,,2024-01-02 10:04:00,120.0,1.0,0
189,334458,2024-01-02 10:08:00,1,,1,,"(54.285144,-1.309692)",,"(54.264316,-1.315928)",54.285144,-1.309692,54.264316,-1.315928,"(54.285144, -1.309692)","(54.264316, -1.315928)",2353.688866868442,,,2024-01-02 10:06:00,120.0,1.0,0
190,334458,2024-01-02 10:10:00,1,,1,,"(54.305972,-1.303455)",,"(54.285144,-1.309692)",54.305972,-1.303455,54.285144,-1.309692,"(54.305972, -1.303455)","(54.285144, -1.309692)",2353.672685353052,,,2024-01-02 10:08:00,120.0,1.0,0
191,334458,2024-01-02 10:11:00,1,,1,,"(54.326799,-1.297219)",,"(54.305972,-1.303455)",54.326799,-1.297219,54.305972,-1.303455,"(54.326799, -1.297219)","(54.305972, -1.303455)",2353.5244010760453,,,2024-01-02 10:10:00,60.0,1.0,0
192,334458,2024-01-02 10:12:00,1,,1,,"(54.347627,-1.290983)",,"(54.326799,-1.297219)",54.347627,-1.290983,54.326799,-1.297219,"(54.347627, -1.290983)","(54.326799, -1.297219)",2353.606643488613,,,2024-01-02 10:11:00,60.0,1.0,0
193,334458,2024-01-02 10:14:00,1,,1,,"(54.368455,-1.284747)",,"(54.347627,-1.290983)",54.368455,-1.284747,54.347627,-1.290983,"(54.368455, -1.284747)","(54.347627, -1.290983)",2353.579247880874,,,2024-01-02 10:12:00,120.0,1.0,0
194,334458,2024-01-02 10:15:00,1,,1,,"(54.389283,-1.278511)",,"(54.368455,-1.284747)",54.389283,-1.278511,54.368455,-1.284747,"(54.389283, -1.278511)","(54.368455, -1.284747)",2353.5518586170137,,,2024-01-02 10:14:00,60.0,1.0,0
195,334458,2024-01-02 10:17:00,1,,1,,"(54.410111,-1.272275)",,"(54.389283,-1.278511)",54.410111,-1.272275,54.389283,-1.278511,"(54.410111, -1.272275)","(54.389283, -1.278511)",2353.52447570306,,,2024-01-02 10:15:00,120.0,1.0,0
196,334458,2024-01-02 10:19:00,1,,1,,"(54.430938,-1.266039)",,"(54.410111,-1.272275)",54.430938,-1.266039,54.410111,-1.272275,"(54.430938, -1.266039)","(54.410111, -1.272275)",2353.387445942719,,,2024-01-02 10:17:00,120.0,1.0,0
197,334458,2024-01-02 10:20:00,1,,1,,"(54.451766,-1.259803)",20.0,"(54.430938,-1.266039)",54.451766,-1.259803,54.430938,-1.266039,"(54.451766, -1.259803)","(54.430938, -1.266039)",2353.4697303068615,,,2024-01-02 10:19:00,60.0,1.0,0
198,334458,2024-01-02 10:22:00,1,,1,460.0,"(54.472594,-1.253566)",,"(54.451766,-1.259803)",54.472594,-1.253566,54.451766,-1.259803,"(54.472594, -1.253566)","(54.451766, -1.259803)",2353.453509986157,,,2024-01-02 10:20:00,120.0,1.0,0
199,334458,2024-01-02 10:24:00,1,,1,,"(54.493422,-1.24733)",,"(54.472594,-1.253566)",54.493422,-1.24733,54.472594,-1.253566,"(54.493422, -1.24733)","(54.472594, -1.253566)",2353.415009186488,460.0,,2024-01-02 10:22:00,120.0,1.0,0
200,334458,2024-01-02 10:26:00,1,,1,,"(54.514249,-1.241094)",,"(54.493422,-1.24733)",54.514249,-1.241094,54.493422,-1.24733,"(54.514249, -1.241094)","(54.493422, -1.24733)",2353.277996902182,,,2024-01-02 10:24:00,120.0,1.0,0
201,334458,2024-01-02 10:27:00,1,,1,,"(54.535077,-1.234858)",,"(54.514249,-1.241094)",54.535077,-1.234858,54.514249,-1.241094,"(54.535077, -1.234858)","(54.514249, -1.241094)",2353.3603150847753,,,2024-01-02 10:26:00,60.0,1.0,0
202,334458,2024-01-02 10:28:00,1,1.0,1,470.0,"(54.555905,-1.228622)",,"(54.535077,-1.234858)",54.555905,-1.228622,54.535077,-1.234858,"(54.555905, -1.228622)","(54.535077, -1.234858)",2353.3329770550686,,,2024-01-02 10:27:00,60.0,1.0,0
203,334458,2024-01-02 10:28:00,2,0.0,0,470.0,"(54.555905,-1.228622)",,"(54.555905,-1.228622)",54.555905,-1.228622,54.555905,-1.228622,"(54.555905, -1.228622)","(54.555905, -1.228622)",0.0,470.0,0.0,2024-01-02 10:28:00,0.0,1.0,0
204,334458,2024-01-02 10:30:00,1,1.0,1,,"(52.45863,-1.844302)",,"(54.555905,-1.228622)",52.45863,-1.844302,54.555905,-1.228622,"(52.45863, -1.844302)","(54.555905, -1.228622)",236962.6436643175,470.0,,2024-01-02 10:28:00,120.0,0.0,0
205,334458,2024-01-02 10:30:39,1,,1,471.0,"(52.452245,-1.832832)",,"(52.45863,-1.844302)",52.452245,-1.832832,52.45863,-1.844302,"(52.452245, -1.832832)","(52.45863, -1.844302)",1054.8772174002968,,,2024-01-02 10:30:00,39.0,1.0,0
206,334458,2024-01-02 10:31:00,1,,1,,"(52.445861,-1.821362)",,"(52.452245,-1.832832)",52.445861,-1.821362,52.452245,-1.832832,"(52.445861, -1.821362)","(52.452245, -1.832832)",1054.8851090634512,471.0,,2024-01-02 10:30:39,21.0,1.0,0
207,334458,2024-01-02 10:32:00,1,,1,,"(52.439476,-1.809893)",,"(52.445861,-1.821362)",52.439476,-1.809893,52.445861,-1.821362,"(52.439476, -1.809893)","(52.445861, -1.821362)",1054.9926100505324,,,2024-01-02 10:31:00,60.0,1.0,0
208,334458,2024-01-02 10:32:59,1,,1,,"(52.433091,-1.798423)",,"(52.439476,-1.809893)",52.433091,-1.798423,52.439476,-1.809893,"(52.433091, -1.798423)","(52.439476, -1.809893)",1055.1257109437406,,,2024-01-02 10:32:00,59.0,1.0,0
209,334458,2024-01-02 10:33:46,1,,1,,"(52.426707,-1.786953)",,"(52.433091,-1.798423)",52.426707,-1.786953,52.433091,-1.798423,"(52.426707, -1.786953)","(52.433091, -1.798423)",1055.1336155978718,,,2024-01-02 10:32:59,47.0,1.0,0
210,334458,2024-01-02 10:34:12,1,,1,,"(52.420322,-1.775483)",,"(52.426707,-1.786953)",52.420322,-1.775483,52.426707,-1.786953,"(52.420322, -1.775483)","(52.426707, -1.786953)",1055.2913603928412,,,2024-01-02 10:33:46,26.0,1.0,0
211,334458,2024-01-02 10:34:54,1,,1,,"(52.413937,-1.764013)",,"(52.420322,-1.775483)",52.413937,-1.764013,52.420322,-1.775483,"(52.413937, -1.764013)","(52.420322, -1.775483)",1055.3741890157432,,,2024-01-02 10:34:12,42.0,1.0,0
212,334458,2024-01-02 10:35:41,1,,1,,"(52.407552,-1.752543)",,"(52.413937,-1.764013)",52.407552,-1.752543,52.413937,-1.764013,"(52.407552, -1.752543)","(52.413937, -1.764013)",1055.457015908398,,,2024-01-02 10:34:54,47.0,1.0,0
213,334458,2024-01-02 10:36:33,1,,1,,"(52.401168,-1.741074)",,"(52.407552,-1.752543)",52.401168,-1.741074,52.407552,-1.752543,"(52.401168, -1.741074)","(52.407552, -1.752543)",1055.4146036352686,,,2024-01-02 10:35:41,52.0,1.0,0
214,334458,2024-01-02 10:36:53,1,,1,,"(52.394783,-1.729604)",,"(52.401168,-1.741074)",52.394783,-1.729604,52.401168,-1.741074,"(52.394783, -1.729604)","(52.401168, -1.741074)",1055.6226515159456,,,2024-01-02 10:36:33,20.0,1.0,0
215,334458,2024-01-02 10:37:40,1,,1,,"(52.388398,-1.718134)",,"(52.394783,-1.729604)",52.388398,-1.718134,52.394783,-1.729604,"(52.388398, -1.718134)","(52.394783, -1.729604)",1055.705473194625,,,2024-01-02 10:36:53,47.0,1.0,0
216,334458,2024-01-02 10:38:14,1,,1,,"(52.382014,-1.706664)",,"(52.388398,-1.718134)",52.382014,-1.706664,52.388398,-1.718134,"(52.382014, -1.706664)","(52.388398, -1.718134)",1055.713407994459,,,2024-01-02 10:37:40,34.0,1.0,0
217,334458,2024-01-02 10:38:47,1,,1,,"(52.375629,-1.695194)",,"(52.382014,-1.706664)",52.375629,-1.695194,52.382014,-1.706664,"(52.375629, -1.695194)","(52.382014, -1.706664)",1055.8710983439905,,,2024-01-02 10:38:14,33.0,1.0,0
218,334458,2024-01-02 10:39:19,1,,1,,"(52.369244,-1.683724)",,"(52.375629,-1.695194)",52.369244,-1.683724,52.375629,-1.695194,"(52.369244, -1.683724)","(52.375629, -1.695194)",1055.9539147773614,,,2024-01-02 10:38:47,32.0,1.0,0
219,334458,2024-01-02 10:39:44,1,,1,,"(52.36286,-1.672255)",,"(52.369244,-1.683724)",52.36286,-1.672255,52.369244,-1.683724,"(52.36286, -1.672255)","(52.369244, -1.683724)",1055.911464757275,,,2024-01-02 10:39:19,25.0,1.0,0
220,334458,2024-01-02 10:40:23,1,,1,,"(52.356475,-1.660785)",,"(52.36286,-1.672255)",52.356475,-1.660785,52.36286,-1.672255,"(52.356475, -1.660785)","(52.36286, -1.672255)",1056.1195293981032,,,2024-01-02 10:39:44,39.0,1.0,0
221,334458,2024-01-02 10:41:12,1,,1,,"(52.35009,-1.649315)",,"(52.356475,-1.660785)",52.35009,-1.649315,52.356475,-1.660785,"(52.35009, -1.649315)","(52.356475, -1.660785)",1056.2023405513023,,,2024-01-02 10:40:23,49.0,1.0,0
222,334458,2024-01-02 10:42:00,1,,1,,"(52.343706,-1.637845)",,"(52.35009,-1.649315)",52.343706,-1.637845,52.35009,-1.649315,"(52.343706, -1.637845)","(52.35009, -1.649315)",1056.2103010015785,,,2024-01-02 10:41:12,48.0,1.0,0
223,334458,2024-01-02 10:42:44,1,,1,,"(52.337321,-1.626375)",,"(52.343706,-1.637845)",52.337321,-1.626375,52.343706,-1.637845,"(52.337321, -1.626375)","(52.343706, -1.637845)",1056.3679445796975,,,2024-01-02 10:42:00,44.0,1.0,0
224,334458,2024-01-02 10:43:31,1,,1,,"(52.330936,-1.614905)",,"(52.337321,-1.626375)",52.330936,-1.614905,52.337321,-1.626375,"(52.330936, -1.614905)","(52.337321, -1.626375)",1056.4507504182102,,,2024-01-02 10:42:44,47.0,1.0,0
225,334458,2024-01-02 10:44:17,1,,1,,"(52.324551,-1.603436)",,"(52.330936,-1.614905)",52.324551,-1.603436,52.330936,-1.614905,"(52.324551, -1.603436)","(52.330936, -1.614905)",1056.483096928931,,,2024-01-02 10:43:31,46.0,1.0,0
226,334458,2024-01-02 10:44:46,1,,1,,"(52.318167,-1.591966)",,"(52.324551,-1.603436)",52.318167,-1.591966,52.324551,-1.603436,"(52.318167, -1.591966)","(52.324551, -1.603436)",1056.5415319340586,,,2024-01-02 10:44:17,29.0,1.0,0
227,334458,2024-01-02 10:45:13,1,,1,494.0,"(52.311782,-1.580496)",,"(52.318167,-1.591966)",52.311782,-1.580496,52.318167,-1.591966,"(52.311782, -1.580496)","(52.318167, -1.591966)",1056.6991442787942,,,2024-01-02 10:44:46,27.0,1.0,0
228,334458,2024-01-02 10:45:42,1,,1,,"(52.305397,-1.569026)",,"(52.311782,-1.580496)",52.305397,-1.569026,52.311782,-1.580496,"(52.305397, -1.569026)","(52.311782, -1.580496)",1056.7819429804729,494.0,,2024-01-02 10:45:13,29.0,1.0,0
229,334458,2024-01-02 10:46:20,1,,1,,"(52.299013,-1.557556)",,"(52.305397,-1.569026)",52.299013,-1.557556,52.305397,-1.569026,"(52.299013, -1.557556)","(52.305397, -1.569026)",1056.78993313879,,,2024-01-02 10:45:42,38.0,1.0,0
230,334458,2024-01-02 10:47:18,1,,1,,"(52.292628,-1.546086)",,"(52.299013,-1.557556)",52.292628,-1.546086,52.299013,-1.557556,"(52.292628, -1.546086)","(52.299013, -1.557556)",1056.9475220312827,,,2024-01-02 10:46:20,58.0,1.0,0
231,334458,2024-01-02 10:47:54,1,,1,,"(52.286243,-1.534617)",,"(52.292628,-1.546086)",52.286243,-1.534617,52.292628,-1.546086,"(52.286243, -1.534617)","(52.292628, -1.546086)",1056.979794363842,,,2024-01-02 10:47:18,36.0,1.0,0
232,334458,2024-01-02 10:48:14,1,,1,,"(52.279859,-1.523147)",,"(52.286243,-1.534617)",52.279859,-1.523147,52.286243,-1.534617,"(52.279859, -1.523147)","(52.286243, -1.534617)",1057.0383181617815,,,2024-01-02 10:47:54,20.0,1.0,0
233,334458,2024-01-02 10:48:41,1,,1,,"(52.273474,-1.511677)",,"(52.279859,-1.523147)",52.273474,-1.511677,52.279859,-1.523147,"(52.273474, -1.511677)","(52.279859, -1.523147)",1057.1958835756789,,,2024-01-02 10:48:14,27.0,1.0,0
234,334458,2024-01-02 10:49:06,1,,1,,"(52.267089,-1.500207)",,"(52.273474,-1.511677)",52.267089,-1.500207,52.273474,-1.511677,"(52.267089, -1.500207)","(52.273474, -1.511677)",1057.2786714599615,,,2024-01-02 10:48:41,25.0,1.0,0
235,334458,2024-01-02 10:49:43,1,,1,,"(52.260705,-1.488737)",,"(52.267089,-1.500207)",52.260705,-1.488737,52.267089,-1.500207,"(52.260705, -1.488737)","(52.267089, -1.500207)",1057.28668689844,,,2024-01-02 10:49:06,37.0,1.0,0
236,334458,2024-01-02 10:50:03,1,,1,,"(52.25432,-1.477267)",,"(52.260705,-1.488737)",52.25432,-1.477267,52.260705,-1.488737,"(52.25432, -1.477267)","(52.260705, -1.488737)",1057.4442288126913,,,2024-01-02 10:49:43,20.0,1.0,0
237,334458,2024-01-02 10:50:36,1,,1,,"(52.247935,-1.465798)",,"(52.25432,-1.477267)",52.247935,-1.465798,52.25432,-1.477267,"(52.247935, -1.465798)","(52.25432, -1.477267)",1057.476426860121,,,2024-01-02 10:50:03,33.0,1.0,0
238,334458,2024-01-02 10:51:25,1,,1,,"(52.24155,-1.454328)",,"(52.247935,-1.465798)",52.24155,-1.454328,52.247935,-1.465798,"(52.24155, -1.454328)","(52.247935, -1.465798)",1057.6097918367796,,,2024-01-02 10:50:36,49.0,1.0,0
239,334458,2024-01-02 10:51:49,1,,1,,"(52.235166,-1.442858)",,"(52.24155,-1.454328)",52.235166,-1.442858,52.24155,-1.454328,"(52.235166, -1.442858)","(52.24155, -1.454328)",1057.617824032893,,,2024-01-02 10:51:25,24.0,1.0,0
240,334458,2024-01-02 10:52:15,1,,1,,"(52.228781,-1.431388)",,"(52.235166,-1.442858)",52.228781,-1.431388,52.235166,-1.442858,"(52.228781, -1.431388)","(52.235166, -1.442858)",1057.7753345750534,,,2024-01-02 10:51:49,26.0,1.0,0
241,334458,2024-01-02 10:52:47,1,,1,,"(52.222396,-1.419918)",,"(52.228781,-1.431388)",52.222396,-1.419918,52.228781,-1.431388,"(52.222396, -1.419918)","(52.228781, -1.431388)",1057.8581096704954,,,2024-01-02 10:52:15,32.0,1.0,0
242,334458,2024-01-02 10:53:43,1,,1,,"(52.216012,-1.408448)",,"(52.222396,-1.419918)",52.216012,-1.408448,52.222396,-1.419918,"(52.216012, -1.408448)","(52.222396, -1.419918)",1057.8661543857331,,,2024-01-02 10:52:47,56.0,1.0,0
243,334458,2024-01-02 10:54:34,1,,1,,"(52.209627,-1.396979)",,"(52.216012,-1.408448)",52.209627,-1.396979,52.216012,-1.408448,"(52.209627, -1.396979)","(52.216012, -1.408448)",1057.9729936188487,,,2024-01-02 10:53:43,51.0,1.0,0
244,334458,2024-01-02 10:55:10,1,,1,,"(52.203242,-1.385509)",,"(52.209627,-1.396979)",52.203242,-1.385509,52.209627,-1.396979,"(52.203242, -1.385509)","(52.209627, -1.396979)",1058.1064109295794,,,2024-01-02 10:54:34,36.0,1.0,0
245,334458,2024-01-02 10:56:10,1,,1,,"(52.196858,-1.374039)",,"(52.203242,-1.385509)",52.196858,-1.374039,52.203242,-1.385509,"(52.196858, -1.374039)","(52.203242, -1.385509)",1058.1144681212743,,,2024-01-02 10:55:10,60.0,1.0,0
246,334458,2024-01-02 10:56:34,1,,1,,"(52.190473,-1.362569)",,"(52.196858,-1.374039)",52.190473,-1.362569,52.196858,-1.374039,"(52.190473, -1.362569)","(52.196858, -1.374039)",1058.2719315254226,,,2024-01-02 10:56:10,24.0,1.0,0
247,334458,2024-01-02 10:57:19,1,,1,,"(52.184088,-1.351099)",,"(52.190473,-1.362569)",52.184088,-1.351099,52.190473,-1.362569,"(52.184088, -1.351099)","(52.190473, -1.362569)",1058.3546955161626,,,2024-01-02 10:56:34,45.0,1.0,0
248,334458,2024-01-02 10:58:16,1,,1,,"(52.177703,-1.339629)",,"(52.184088,-1.351099)",52.177703,-1.339629,52.184088,-1.351099,"(52.177703, -1.339629)","(52.184088, -1.351099)",1058.4374576421426,,,2024-01-02 10:57:19,57.0,1.0,0
249,334458,2024-01-02 10:58:51,1,,1,,"(52.171319,-1.328159)",,"(52.177703,-1.339629)",52.171319,-1.328159,52.177703,-1.339629,"(52.171319, -1.328159)","(52.177703, -1.339629)",1058.445531397863,,,2024-01-02 10:58:16,35.0,1.0,0
250,334458,2024-01-02 10:59:39,1,,1,,"(52.164934,-1.31669)",,"(52.171319,-1.328159)",52.164934,-1.31669,52.171319,-1.328159,"(52.164934, -1.31669)","(52.171319, -1.328159)",1058.5522416700353,,,2024-01-02 10:58:51,48.0,1.0,0
251,334458,2024-01-02 11:00:38,1,,1,519.0,"(52.158549,-1.30522)",,"(52.164934,-1.31669)",52.158549,-1.30522,52.164934,-1.31669,"(52.158549, -1.30522)","(52.164934, -1.31669)",1058.6857198383682,,,2024-01-02 10:59:39,59.0,1.0,0
252,334458,2024-01-02 11:01:20,1,,1,,"(52.152165,-1.29375)",,"(52.158549,-1.30522)",52.152165,-1.29375,52.158549,-1.30522,"(52.152165, -1.29375)","(52.158549, -1.30522)",1058.693805971458,519.0,,2024-01-02 11:00:38,42.0,1.0,0
253,334458,2024-01-02 11:01:46,1,,1,,"(52.14578,-1.28228)",,"(52.152165,-1.29375)",52.14578,-1.28228,52.152165,-1.29375,"(52.14578, -1.28228)","(52.152165, -1.29375)",1058.85121426265,,,2024-01-02 11:01:20,26.0,1.0,0
254,334458,2024-01-02 11:02:24,1,,1,,"(52.139395,-1.27081)",,"(52.14578,-1.28228)",52.139395,-1.27081,52.14578,-1.28228,"(52.139395, -1.27081)","(52.14578, -1.28228)",1058.9339651290118,,,2024-01-02 11:01:46,38.0,1.0,0
255,334458,2024-01-02 11:02:46,1,,1,,"(52.133011,-1.25934)",,"(52.139395,-1.27081)",52.133011,-1.25934,52.139395,-1.27081,"(52.133011, -1.25934)","(52.139395, -1.27081)",1058.9420635936206,,,2024-01-02 11:02:24,22.0,1.0,0
256,334458,2024-01-02 11:03:21,1,,1,,"(52.126626,-1.247871)",,"(52.133011,-1.25934)",52.126626,-1.247871,52.133011,-1.25934,"(52.126626, -1.247871)","(52.133011, -1.25934)",1059.0486632555212,,,2024-01-02 11:02:46,35.0,1.0,0
257,334458,2024-01-02 11:04:06,1,,1,,"(52.120241,-1.236401)",,"(52.126626,-1.247871)",52.120241,-1.236401,52.126626,-1.247871,"(52.120241, -1.236401)","(52.126626, -1.247871)",1059.1821934119582,,,2024-01-02 11:03:21,45.0,1.0,0
258,334458,2024-01-02 11:04:39,1,,1,,"(52.113857,-1.224931)",,"(52.120241,-1.236401)",52.113857,-1.224931,52.120241,-1.236401,"(52.113857, -1.224931)","(52.120241, -1.236401)",1059.1903041664777,,,2024-01-02 11:04:06,33.0,1.0,0
259,334458,2024-01-02 11:05:15,1,,1,,"(52.107472,-1.213461)",,"(52.113857,-1.224931)",52.107472,-1.213461,52.113857,-1.224931,"(52.107472, -1.213461)","(52.113857, -1.224931)",1059.3476651178028,,,2024-01-02 11:04:39,36.0,1.0,0
260,334458,2024-01-02 11:05:53,1,,1,,"(52.101087,-1.201991)",,"(52.107472,-1.213461)",52.101087,-1.201991,52.107472,-1.213461,"(52.101087, -1.201991)","(52.107472, -1.213461)",1059.4304045882789,,,2024-01-02 11:05:15,38.0,1.0,0
261,334458,2024-01-02 11:06:53,1,,1,,"(52.094702,-1.190522)",,"(52.101087,-1.201991)",52.094702,-1.190522,52.101087,-1.201991,"(52.094702, -1.190522)","(52.101087, -1.201991)",1059.4623044358032,,,2024-01-02 11:05:53,60.0,1.0,0
262,334458,2024-01-02 11:07:50,1,,1,,"(52.088318,-1.179052)",,"(52.094702,-1.190522)",52.088318,-1.179052,52.094702,-1.190522,"(52.088318, -1.179052)","(52.094702, -1.190522)",1059.5212692231278,,,2024-01-02 11:06:53,57.0,1.0,0
263,334458,2024-01-02 11:08:27,1,,1,,"(52.081933,-1.167582)",,"(52.088318,-1.179052)",52.081933,-1.167582,52.088318,-1.179052,"(52.081933, -1.167582)","(52.088318, -1.179052)",1059.6785985615204,,,2024-01-02 11:07:50,37.0,1.0,0
264,334458,2024-01-02 11:09:25,1,,1,,"(52.075548,-1.156112)",,"(52.081933,-1.167582)",52.075548,-1.156112,52.081933,-1.167582,"(52.075548, -1.156112)","(52.081933, -1.167582)",1059.7613303628016,,,2024-01-02 11:08:27,58.0,1.0,0
265,334458,2024-01-02 11:09:50,1,,1,,"(52.069164,-1.144642)",,"(52.075548,-1.156112)",52.069164,-1.144642,52.075548,-1.156112,"(52.069164, -1.144642)","(52.075548, -1.156112)",1059.7694696264023,,,2024-01-02 11:09:25,25.0,1.0,0
266,334458,2024-01-02 11:10:50,1,,1,,"(52.062779,-1.133172)",,"(52.069164,-1.144642)",52.062779,-1.133172,52.069164,-1.144642,"(52.062779, -1.133172)","(52.069164, -1.144642)",1059.9267752281598,,,2024-01-02 11:09:50,60.0,1.0,0
267,334458,2024-01-02 11:11:37,1,,1,,"(52.056394,-1.121703)",,"(52.062779,-1.133172)",52.056394,-1.121703,52.062779,-1.133172,"(52.056394, -1.121703)","(52.062779, -1.133172)",1059.9586002585802,,,2024-01-02 11:10:50,47.0,1.0,0
268,334458,2024-01-02 11:11:57,1,,1,,"(52.05001,-1.110233)",,"(52.056394,-1.121703)",52.05001,-1.110233,52.056394,-1.121703,"(52.05001, -1.110233)","(52.056394, -1.121703)",1060.017652650851,,,2024-01-02 11:11:37,20.0,1.0,0
269,334458,2024-01-02 11:12:34,1,,1,,"(52.043625,-1.098763)",,"(52.05001,-1.110233)",52.043625,-1.098763,52.05001,-1.110233,"(52.043625, -1.098763)","(52.05001, -1.110233)",1060.17493449033,,,2024-01-02 11:11:57,37.0,1.0,0
270,334458,2024-01-02 11:13:15,1,,1,,"(52.03724,-1.087293)",,"(52.043625,-1.098763)",52.03724,-1.087293,52.043625,-1.098763,"(52.03724, -1.087293)","(52.043625, -1.098763)",1060.2576546774583,,,2024-01-02 11:12:34,41.0,1.0,0
271,334458,2024-01-02 11:13:59,1,,1,,"(52.030856,-1.075823)",,"(52.03724,-1.087293)",52.030856,-1.075823,52.03724,-1.087293,"(52.030856, -1.075823)","(52.03724, -1.087293)",1060.2658181929496,,,2024-01-02 11:13:15,44.0,1.0,0
272,334458,2024-01-02 11:14:59,1,,1,,"(52.024471,-1.064353)",,"(52.030856,-1.075823)",52.024471,-1.064353,52.030856,-1.075823,"(52.024471, -1.064353)","(52.030856, -1.075823)",1060.4230762501688,,,2024-01-02 11:13:59,60.0,1.0,0
273,334458,2024-01-02 11:15:25,1,,1,,"(52.018086,-1.052884)",,"(52.024471,-1.064353)",52.018086,-1.052884,52.024471,-1.064353,"(52.018086, -1.052884)","(52.024471, -1.064353)",1060.4548263604227,,,2024-01-02 11:14:59,26.0,1.0,0
274,334458,2024-01-02 11:15:45,1,,1,,"(52.011701,-1.041414)",,"(52.018086,-1.052884)",52.011701,-1.041414,52.018086,-1.052884,"(52.011701, -1.041414)","(52.018086, -1.052884)",1060.5885029515355,,,2024-01-02 11:15:25,20.0,1.0,0
275,334458,2024-01-02 11:16:14,1,,1,,"(52.005317,-1.029944)",,"(52.011701,-1.041414)",52.005317,-1.029944,52.011701,-1.041414,"(52.005317, -1.029944)","(52.011701, -1.041414)",1060.5966825416322,,,2024-01-02 11:15:45,29.0,1.0,0
276,334458,2024-01-02 11:17:13,1,,1,,"(51.998932,-1.018474)",,"(52.005317,-1.029944)",51.998932,-1.018474,52.005317,-1.029944,"(51.998932, -1.018474)","(52.005317, -1.029944)",1060.7539088461738,,,2024-01-02 11:16:14,59.0,1.0,0
277,334458,2024-01-02 11:18:05,1,,1,,"(51.992547,-1.007004)",,"(51.998932,-1.018474)",51.992547,-1.007004,51.998932,-1.018474,"(51.992547, -1.007004)","(51.998932, -1.018474)",1060.8366153174668,,,2024-01-02 11:17:13,52.0,1.0,0
278,334458,2024-01-02 11:18:59,1,,1,,"(51.986163,-0.995534)",,"(51.992547,-1.007004)",51.986163,-0.995534,51.992547,-1.007004,"(51.986163, -0.995534)","(51.992547, -1.007004)",1060.8448069132714,,,2024-01-02 11:18:05,54.0,1.0,0
279,334458,2024-01-02 11:19:38,1,,1,,"(51.979778,-0.984065)",,"(51.986163,-0.995534)",51.979778,-0.984065,51.986163,-0.995534,"(51.979778, -0.984065)","(51.986163, -0.995534)",1060.950981948169,,,2024-01-02 11:18:59,39.0,1.0,0
280,334458,2024-01-02 11:20:09,1,,1,,"(51.973393,-0.972595)",,"(51.979778,-0.984065)",51.973393,-0.972595,51.979778,-0.984065,"(51.973393, -0.972595)","(51.979778, -0.984065)",1061.084709915268,,,2024-01-02 11:19:38,31.0,1.0,0
281,334458,2024-01-02 11:20:46,1,,1,,"(51.967009,-0.961125)",,"(51.973393,-0.972595)",51.967009,-0.961125,51.973393,-0.972595,"(51.967009, -0.961125)","(51.973393, -0.972595)",1061.0929134730548,,,2024-01-02 11:20:09,37.0,1.0,0
282,334458,2024-01-02 11:21:25,1,,1,,"(51.960624,-0.949655)",,"(51.967009,-0.961125)",51.960624,-0.949655,51.967009,-0.961125,"(51.960624, -0.949655)","(51.967009, -0.961125)",1061.2500920764994,,,2024-01-02 11:20:46,39.0,1.0,0
283,334458,2024-01-02 11:21:53,1,,1,,"(51.954239,-0.938185)",,"(51.960624,-0.949655)",51.954239,-0.938185,51.960624,-0.949655,"(51.954239, -0.938185)","(51.960624, -0.949655)",1061.3327866463706,,,2024-01-02 11:21:25,28.0,1.0,0
284,334458,2024-01-02 11:22:15,1,,1,,"(51.947855,-0.926715)",,"(51.954239,-0.938185)",51.947855,-0.926715,51.954239,-0.938185,"(51.947855, -0.926715)","(51.954239, -0.938185)",1061.3410021248883,,,2024-01-02 11:21:53,22.0,1.0,0
285,334458,2024-01-02 11:23:00,1,,1,,"(51.94147,-0.915245)",,"(51.947855,-0.926715)",51.94147,-0.915245,51.947855,-0.926715,"(51.94147, -0.915245)","(51.947855, -0.926715)",1061.4981568414473,,,2024-01-02 11:22:15,45.0,1.0,0
286,334458,2024-01-02 11:23:59,1,,1,,"(51.935085,-0.903776)",,"(51.94147,-0.915245)",51.935085,-0.903776,51.94147,-0.915245,"(51.935085, -0.903776)","(51.94147, -0.915245)",1061.529744271026,,,2024-01-02 11:23:00,59.0,1.0,0
287,334458,2024-01-02 11:24:59,1,,1,557.0,"(51.9287,-0.892306)",,"(51.935085,-0.903776)",51.9287,-0.892306,51.935085,-0.903776,"(51.9287, -0.892306)","(51.935085, -0.903776)",1061.6635319738596,,,2024-01-02 11:23:59,60.0,1.0,0
288,334458,2024-01-02 11:25:20,1,,1,,"(51.922316,-0.880836)",,"(51.9287,-0.892306)",51.922316,-0.880836,51.9287,-0.892306,"(51.922316, -0.880836)","(51.9287, -0.892306)",1061.6717632819295,557.0,,2024-01-02 11:24:59,21.0,1.0,0
289,334458,2024-01-02 11:25:57,1,,1,,"(51.915931,-0.869366)",,"(51.922316,-0.880836)",51.915931,-0.869366,51.922316,-0.880836,"(51.915931, -0.869366)","(51.922316, -0.880836)",1061.828886113855,,,2024-01-02 11:25:20,37.0,1.0,0
290,334458,2024-01-02 11:26:49,1,,1,,"(51.909546,-0.857896)",,"(51.915931,-0.869366)",51.909546,-0.857896,51.915931,-0.869366,"(51.909546, -0.857896)","(51.915931, -0.869366)",1061.9115666338093,,,2024-01-02 11:25:57,52.0,1.0,0
291,334458,2024-01-02 11:27:23,1,,1,,"(51.903162,-0.846427)",,"(51.909546,-0.857896)",51.903162,-0.846427,51.909546,-0.857896,"(51.903162, -0.846427)","(51.909546, -0.857896)",1061.8686524051736,,,2024-01-02 11:26:49,34.0,1.0,0
292,334458,2024-01-02 11:27:46,1,,1,,"(51.896777,-0.834957)",,"(51.903162,-0.846427)",51.896777,-0.834957,51.903162,-0.846427,"(51.896777, -0.834957)","(51.903162, -0.846427)",1062.0769086527564,,,2024-01-02 11:27:23,23.0,1.0,0
293,334458,2024-01-02 11:28:16,1,,1,,"(51.890392,-0.823487)",,"(51.896777,-0.834957)",51.890392,-0.823487,51.896777,-0.834957,"(51.890392, -0.823487)","(51.896777, -0.834957)",1062.159583095444,,,2024-01-02 11:27:46,30.0,1.0,0
294,334458,2024-01-02 11:28:57,1,,1,,"(51.884008,-0.812017)",,"(51.890392,-0.823487)",51.884008,-0.812017,51.890392,-0.823487,"(51.884008, -0.812017)","(51.890392, -0.823487)",1062.1678380020392,,,2024-01-02 11:28:16,41.0,1.0,0
295,334458,2024-01-02 11:29:24,1,,1,,"(51.877623,-0.800547)",,"(51.884008,-0.812017)",51.877623,-0.800547,51.884008,-0.812017,"(51.877623, -0.800547)","(51.884008, -0.812017)",1062.3249129303429,,,2024-01-02 11:28:57,27.0,1.0,0
296,334458,2024-01-02 11:29:52,1,,1,,"(51.871238,-0.789077)",,"(51.877623,-0.800547)",51.871238,-0.789077,51.877623,-0.800547,"(51.871238, -0.789077)","(51.877623, -0.800547)",1062.4075812630272,,,2024-01-02 11:29:24,28.0,1.0,0
297,334458,2024-01-02 11:30:17,1,,1,,"(51.864854,-0.777608)",,"(51.871238,-0.789077)",51.864854,-0.777608,51.871238,-0.789077,"(51.864854, -0.777608)","(51.871238, -0.789077)",1062.3646274225268,,,2024-01-02 11:29:52,25.0,1.0,0
298,334458,2024-01-02 11:30:37,1,,1,,"(51.858469,-0.766138)",,"(51.864854,-0.777608)",51.858469,-0.766138,51.864854,-0.777608,"(51.858469, -0.766138)","(51.864854, -0.777608)",1062.5728988477001,,,2024-01-02 11:30:17,20.0,1.0,0
299,334458,2024-01-02 11:31:26,1,,1,,"(51.852084,-0.754668)",,"(51.858469,-0.766138)",51.852084,-0.754668,51.858469,-0.766138,"(51.852084, -0.754668)","(51.858469, -0.766138)",1062.6555610376474,,,2024-01-02 11:30:37,49.0,1.0,0
300,334458,2024-01-02 11:32:19,1,,1,,"(51.845699,-0.743198)",,"(51.852084,-0.754668)",51.845699,-0.743198,51.852084,-0.754668,"(51.845699, -0.743198)","(51.852084, -0.754668)",1062.7382211727352,,,2024-01-02 11:31:26,53.0,1.0,0
301,334458,2024-01-02 11:33:10,1,,1,,"(51.839315,-0.731728)",,"(51.845699,-0.743198)",51.839315,-0.731728,51.845699,-0.743198,"(51.839315, -0.731728)","(51.845699, -0.743198)",1062.7465034015781,,,2024-01-02 11:32:19,51.0,1.0,0
302,334458,2024-01-02 11:33:47,1,,1,,"(51.83293,-0.720258)",,"(51.839315,-0.731728)",51.83293,-0.720258,51.839315,-0.731728,"(51.83293, -0.720258)","(51.839315, -0.731728)",1062.9035223214457,,,2024-01-02 11:33:10,37.0,1.0,0
303,334458,2024-01-02 11:34:43,1,,1,,"(51.826545,-0.708788)",,"(51.83293,-0.720258)",51.826545,-0.708788,51.83293,-0.720258,"(51.826545, -0.708788)","(51.83293, -0.720258)",1062.9861762701476,,,2024-01-02 11:33:47,56.0,1.0,0
304,334458,2024-01-02 11:35:34,1,,1,,"(51.820161,-0.697319)",,"(51.826545,-0.708788)",51.820161,-0.697319,51.826545,-0.708788,"(51.820161, -0.697319)","(51.826545, -0.708788)",1062.9431760355371,,,2024-01-02 11:34:43,51.0,1.0,0
305,334458,2024-01-02 11:36:01,1,,1,,"(51.813776,-0.685849)",,"(51.820161,-0.697319)",51.813776,-0.685849,51.820161,-0.697319,"(51.813776, -0.685849)","(51.820161, -0.697319)",1063.1514650151553,,,2024-01-02 11:35:34,27.0,1.0,0
306,334458,2024-01-02 11:36:49,1,,1,,"(51.807391,-0.674379)",,"(51.813776,-0.685849)",51.807391,-0.674379,51.813776,-0.685849,"(51.807391, -0.674379)","(51.813776, -0.685849)",1063.234112744735,,,2024-01-02 11:36:01,48.0,1.0,0
307,334458,2024-01-02 11:37:38,1,,1,,"(51.801007,-0.662909)",,"(51.807391,-0.674379)",51.801007,-0.662909,51.807391,-0.674379,"(51.801007, -0.662909)","(51.807391, -0.674379)",1063.2424182054265,,,2024-01-02 11:36:49,49.0,1.0,0
308,334458,2024-01-02 11:38:22,1,,1,,"(51.794622,-0.651439)",,"(51.801007,-0.662909)",51.794622,-0.651439,51.801007,-0.662909,"(51.794622, -0.651439)","(51.801007, -0.662909)",1063.3993890198647,,,2024-01-02 11:37:38,44.0,1.0,0
309,334458,2024-01-02 11:39:20,1,,1,,"(51.788237,-0.63997)",,"(51.794622,-0.651439)",51.788237,-0.63997,51.794622,-0.651439,"(51.788237, -0.63997)","(51.794622, -0.651439)",1063.430687428291,,,2024-01-02 11:38:22,58.0,1.0,0
310,334458,2024-01-02 11:39:40,1,,1,,"(51.781853,-0.6285)",,"(51.788237,-0.63997)",51.781853,-0.6285,51.788237,-0.63997,"(51.781853, -0.6285)","(51.788237, -0.63997)",1063.4903475126841,,,2024-01-02 11:39:20,20.0,1.0,0
311,334458,2024-01-02 11:40:06,1,,1,,"(51.775468,-0.61703)",,"(51.781853,-0.6285)",51.775468,-0.61703,51.781853,-0.6285,"(51.775468, -0.61703)","(51.781853, -0.6285)",1063.6472942391376,,,2024-01-02 11:39:40,26.0,1.0,0
312,334458,2024-01-02 11:41:03,1,,1,,"(51.769083,-0.60556)",,"(51.775468,-0.61703)",51.769083,-0.60556,51.775468,-0.61703,"(51.769083, -0.60556)","(51.775468, -0.61703)",1063.729929434745,,,2024-01-02 11:40:06,57.0,1.0,0
313,334458,2024-01-02 11:41:25,1,,1,,"(51.762698,-0.59409)",,"(51.769083,-0.60556)",51.762698,-0.59409,51.769083,-0.60556,"(51.762698, -0.59409)","(51.769083, -0.60556)",1063.8125625269156,,,2024-01-02 11:41:03,22.0,1.0,0
314,334458,2024-01-02 11:41:47,1,,1,,"(51.756314,-0.58262)",,"(51.762698,-0.59409)",51.756314,-0.58262,51.762698,-0.59409,"(51.756314, -0.58262)","(51.762698, -0.59409)",1063.8208948772376,,,2024-01-02 11:41:25,22.0,1.0,0
315,334458,2024-01-02 11:42:16,1,,1,,"(51.749929,-0.57115)",,"(51.756314,-0.58262)",51.749929,-0.57115,51.756314,-0.58262,"(51.749929, -0.57115)","(51.756314, -0.58262)",1063.977809451992,,,2024-01-02 11:41:47,29.0,1.0,0
316,334458,2024-01-02 11:42:39,1,,1,,"(51.743544,-0.559681)",,"(51.749929,-0.57115)",51.743544,-0.559681,51.749929,-0.57115,"(51.743544, -0.559681)","(51.749929, -0.57115)",1064.0090195947707,,,2024-01-02 11:42:16,23.0,1.0,0
317,334458,2024-01-02 11:43:13,1,,1,,"(51.73716,-0.548211)",,"(51.743544,-0.559681)",51.73716,-0.548211,51.743544,-0.559681,"(51.73716, -0.548211)","(51.743544, -0.559681)",1064.0687800229953,,,2024-01-02 11:42:39,34.0,1.0,0
318,334458,2024-01-02 11:43:38,1,,1,,"(51.730775,-0.536741)",,"(51.73716,-0.548211)",51.730775,-0.536741,51.73716,-0.548211,"(51.730775, -0.536741)","(51.73716, -0.548211)",1064.2256704539527,,,2024-01-02 11:43:13,25.0,1.0,0
319,334458,2024-01-02 11:44:25,1,,1,,"(51.72439,-0.525271)",,"(51.730775,-0.536741)",51.72439,-0.525271,51.730775,-0.536741,"(51.72439, -0.525271)","(51.730775, -0.536741)",1064.3082908583287,,,2024-01-02 11:43:38,47.0,1.0,0
320,334458,2024-01-02 11:45:04,1,,1,,"(51.718006,-0.513801)",,"(51.72439,-0.525271)",51.718006,-0.513801,51.72439,-0.525271,"(51.718006, -0.513801)","(51.72439, -0.525271)",1064.316646076659,,,2024-01-02 11:44:25,39.0,1.0,0
321,334458,2024-01-02 11:45:58,1,,1,,"(51.711621,-0.502331)",,"(51.718006,-0.513801)",51.711621,-0.502331,51.718006,-0.513801,"(51.711621, -0.502331)","(51.718006, -0.513801)",1064.4735123427795,,,2024-01-02 11:45:04,54.0,1.0,0
322,334458,2024-01-02 11:46:54,1,,1,,"(51.705236,-0.490862)",,"(51.711621,-0.502331)",51.705236,-0.490862,51.711621,-0.502331,"(51.705236, -0.490862)","(51.711621, -0.502331)",1064.5046467199097,,,2024-01-02 11:45:58,56.0,1.0,0
323,334458,2024-01-02 11:47:24,1,,1,595.0,"(51.698851,-0.479392)",,"(51.705236,-0.490862)",51.698851,-0.479392,51.705236,-0.490862,"(51.698851, -0.479392)","(51.705236, -0.490862)",1064.638738227616,,,2024-01-02 11:46:54,30.0,1.0,0
324,334458,2024-01-02 11:48:19,1,,1,,"(51.692467,-0.467922)",,"(51.698851,-0.479392)",51.692467,-0.467922,51.698851,-0.479392,"(51.692467, -0.467922)","(51.698851, -0.479392)",1064.6471085960893,595.0,,2024-01-02 11:47:24,55.0,1.0,0
325,334458,2024-01-02 11:48:47,1,,1,,"(51.686082,-0.456452)",,"(51.692467,-0.467922)",51.686082,-0.456452,51.692467,-0.467922,"(51.686082, -0.456452)","(51.692467, -0.467922)",1064.8039426059247,,,2024-01-02 11:48:19,28.0,1.0,0
326,334458,2024-01-02 11:49:13,1,,1,,"(51.679697,-0.444982)",,"(51.686082,-0.456452)",51.679697,-0.444982,51.686082,-0.456452,"(51.679697, -0.444982)","(51.686082, -0.456452)",1064.8865480441548,,,2024-01-02 11:48:47,26.0,1.0,0
327,334458,2024-01-02 11:49:36,1,,1,,"(51.673313,-0.433512)",,"(51.679697,-0.444982)",51.673313,-0.433512,51.679697,-0.444982,"(51.673313, -0.433512)","(51.679697, -0.444982)",1064.8949297248193,,,2024-01-02 11:49:13,23.0,1.0,0
328,334458,2024-01-02 11:49:58,1,,1,,"(51.666928,-0.422043)",,"(51.673313,-0.433512)",51.666928,-0.422043,51.673313,-0.433512,"(51.666928, -0.422043)","(51.673313, -0.433512)",1065.0001968977401,,,2024-01-02 11:49:36,22.0,1.0,0
329,334458,2024-01-02 11:50:53,1,,1,,"(51.660543,-0.410573)",,"(51.666928,-0.422043)",51.660543,-0.410573,51.666928,-0.422043,"(51.660543, -0.410573)","(51.666928, -0.422043)",1065.1343384835736,,,2024-01-02 11:49:58,55.0,1.0,0
330,334458,2024-01-02 11:51:34,1,,1,,"(51.654159,-0.399103)",,"(51.660543,-0.410573)",51.654159,-0.399103,51.660543,-0.410573,"(51.654159, -0.399103)","(51.660543, -0.410573)",1065.1427314376594,,,2024-01-02 11:50:53,41.0,1.0,0
331,334458,2024-01-02 11:52:32,1,,1,,"(51.647774,-0.387633)",,"(51.654159,-0.399103)",51.647774,-0.387633,51.654159,-0.399103,"(51.647774, -0.387633)","(51.654159, -0.399103)",1065.2995169872916,,,2024-01-02 11:51:34,58.0,1.0,0
332,334458,2024-01-02 11:53:19,1,,1,,"(51.641389,-0.376163)",,"(51.647774,-0.387633)",51.641389,-0.376163,51.647774,-0.387633,"(51.641389, -0.376163)","(51.647774, -0.387633)",1065.382109453333,,,2024-01-02 11:52:32,47.0,1.0,0
333,334458,2024-01-02 11:53:55,1,,1,,"(51.635005,-0.364694)",,"(51.641389,-0.376163)",51.635005,-0.364694,51.641389,-0.376163,"(51.635005, -0.364694)","(51.641389, -0.376163)",1065.3389149597076,,,2024-01-02 11:53:19,36.0,1.0,0
334,334458,2024-01-02 11:54:50,1,,1,,"(51.62862,-0.353224)",,"(51.635005,-0.364694)",51.62862,-0.353224,51.635005,-0.364694,"(51.62862, -0.353224)","(51.635005, -0.364694)",1065.5472749215596,,,2024-01-02 11:53:55,55.0,1.0,0
335,334458,2024-01-02 11:55:29,1,,1,,"(51.622235,-0.341754)",,"(51.62862,-0.353224)",51.622235,-0.341754,51.62862,-0.353224,"(51.622235, -0.341754)","(51.62862, -0.353224)",1065.6298608502877,,,2024-01-02 11:54:50,39.0,1.0,0
336,334458,2024-01-02 11:55:55,1,,1,,"(51.61585,-0.330284)",,"(51.622235,-0.341754)",51.61585,-0.330284,51.622235,-0.341754,"(51.61585, -0.330284)","(51.622235, -0.341754)",1065.7124445978188,,,2024-01-02 11:55:29,26.0,1.0,0
337,334458,2024-01-02 11:56:15,1,,1,,"(51.609466,-0.318814)",,"(51.61585,-0.330284)",51.609466,-0.318814,51.61585,-0.330284,"(51.609466, -0.318814)","(51.61585, -0.330284)",1065.7208636895546,,,2024-01-02 11:55:55,20.0,1.0,0
338,334458,2024-01-02 11:56:53,1,,1,,"(51.603081,-0.307344)",,"(51.609466,-0.318814)",51.603081,-0.307344,51.609466,-0.318814,"(51.603081, -0.307344)","(51.609466, -0.318814)",1065.8775925840182,,,2024-01-02 11:56:15,38.0,1.0,0
339,334458,2024-01-02 11:57:31,1,,1,,"(51.596696,-0.295874)",,"(51.603081,-0.307344)",51.596696,-0.295874,51.603081,-0.307344,"(51.596696, -0.295874)","(51.603081, -0.307344)",1065.9601697520093,,,2024-01-02 11:56:53,38.0,1.0,0
340,334458,2024-01-02 11:57:53,1,,1,,"(51.590312,-0.284405)",,"(51.596696,-0.295874)",51.590312,-0.284405,51.596696,-0.295874,"(51.590312, -0.284405)","(51.596696, -0.295874)",1065.9169278781128,,,2024-01-02 11:57:31,22.0,1.0,0
341,334458,2024-01-02 11:58:43,1,,1,,"(51.583927,-0.272935)",,"(51.590312,-0.284405)",51.583927,-0.272935,51.590312,-0.284405,"(51.583927, -0.272935)","(51.590312, -0.284405)",1066.1253045506755,,,2024-01-02 11:57:53,50.0,1.0,0
342,334458,2024-01-02 11:59:33,1,,1,,"(51.577542,-0.261465)",,"(51.583927,-0.272935)",51.577542,-0.261465,51.583927,-0.272935,"(51.577542, -0.261465)","(51.583927, -0.272935)",1066.2078751095755,,,2024-01-02 11:58:43,50.0,1.0,0
343,334458,2024-01-02 12:00:31,1,,1,,"(51.571158,-0.249995)",,"(51.577542,-0.261465)",51.571158,-0.249995,51.577542,-0.261465,"(51.571158, -0.249995)","(51.577542, -0.261465)",1066.2163164224005,,,2024-01-02 11:59:33,58.0,1.0,0
344,334458,2024-01-02 12:01:13,1,,1,,"(51.564773,-0.238525)",,"(51.571158,-0.249995)",51.564773,-0.238525,51.571158,-0.249995,"(51.564773, -0.238525)","(51.571158, -0.249995)",1066.372996657014,,,2024-01-02 12:00:31,42.0,1.0,0
345,334458,2024-01-02 12:02:00,1,,1,,"(51.558388,-0.227056)",,"(51.564773,-0.238525)",51.558388,-0.227056,51.564773,-0.238525,"(51.558388, -0.227056)","(51.564773, -0.238525)",1066.403839648648,,,2024-01-02 12:01:13,47.0,1.0,0
346,334458,2024-01-02 12:02:48,1,,1,,"(51.552004,-0.215586)",,"(51.558388,-0.227056)",51.552004,-0.215586,51.558388,-0.227056,"(51.552004, -0.215586)","(51.558388, -0.227056)",1066.4640129329455,,,2024-01-02 12:02:00,48.0,1.0,0
347,334458,2024-01-02 12:03:38,1,,1,,"(51.545619,-0.204116)",,"(51.552004,-0.215586)",51.545619,-0.204116,51.552004,-0.215586,"(51.545619, -0.204116)","(51.552004, -0.215586)",1066.620668803782,,,2024-01-02 12:02:48,50.0,1.0,0
348,334458,2024-01-02 12:04:11,1,,1,,"(51.539234,-0.192646)",,"(51.545619,-0.204116)",51.539234,-0.192646,51.545619,-0.204116,"(51.539234, -0.192646)","(51.545619, -0.204116)",1066.7032260420656,,,2024-01-02 12:03:38,33.0,1.0,0
349,334458,2024-01-02 12:05:08,1,,1,,"(51.532849,-0.181176)",,"(51.539234,-0.192646)",51.532849,-0.181176,51.539234,-0.192646,"(51.532849, -0.181176)","(51.539234, -0.192646)",1066.785781049872,,,2024-01-02 12:04:11,57.0,1.0,0
350,334458,2024-01-02 12:05:31,1,,1,,"(51.526465,-0.169706)",,"(51.532849,-0.181176)",51.526465,-0.169706,51.532849,-0.181176,"(51.526465, -0.169706)","(51.532849, -0.181176)",1066.7942480755478,,,2024-01-02 12:05:08,23.0,1.0,0
351,334458,2024-01-02 12:06:22,1,,1,,"(51.52008,-0.158236)",,"(51.526465,-0.169706)",51.52008,-0.158236,51.526465,-0.169706,"(51.52008, -0.158236)","(51.526465, -0.169706)",1066.9508714244953,,,2024-01-02 12:05:31,51.0,1.0,0
352,334458,2024-01-02 12:07:14,1,,1,,"(51.513695,-0.146767)",,"(51.52008,-0.158236)",51.513695,-0.146767,51.52008,-0.158236,"(51.513695, -0.146767)","(51.52008, -0.158236)",1066.9816254359384,,,2024-01-02 12:06:22,52.0,1.0,0
353,334458,2024-01-02 12:07:48,1,,1,,"(51.507311,-0.135297)",,"(51.513695,-0.146767)",51.507311,-0.135297,51.513695,-0.146767,"(51.507311, -0.135297)","(51.513695, -0.146767)",1067.041897687459,,,2024-01-02 12:07:14,34.0,1.0,0
354,334458,2024-01-02 12:08:36,1,,1,628.0,"(51.500926,-0.123827)",,"(51.507311,-0.135297)",51.500926,-0.123827,51.507311,-0.135297,"(51.500926, -0.123827)","(51.507311, -0.135297)",1067.1984966210728,,,2024-01-02 12:07:48,48.0,1.0,0
